SEARCH16,URL,NCESSCH,SCHNAM16,ADDRESS16,SY_STATUS16,SY_STATUS15,LEVEL,STABR,WEBSITE,YEAR_CLOSED,SCH_NAME,YEAR_OPENED
"NORTHERN AZ ACADEMY FOR CAREER DEV. - WINSLOW  502 Airport Road , Winslow AZ 86047.0 ",,40007700918.0,NORTHERN AZ ACADEMY FOR CAREER DEV. - WINSLOW," 502 Airport Road , Winslow AZ 86047.0 ",2.0,1.0,3,AZ,http://www.naacharter.org/,2016.0,,1998.0
"PEPE BARRON ACADEMY  2797 North Introspect Drive , Tucson AZ 85745.0 ",,40012501619.0,PEPE BARRON ACADEMY," 2797 North Introspect Drive , Tucson AZ 85745.0 ",1.0,1.0,3,AZ,,,,1998.0
"DISCOVERY PLUS ACADEMY  852 West 250 North , Pima AZ 85543.0 ",,40014101657.0,DISCOVERY PLUS ACADEMY," 852 West 250 North , Pima AZ 85543.0 ",1.0,1.0,1,AZ,http://myweb.cableone.net/discplus1/,,,1998.0
"THE SHELBY SCHOOL  249 W. Standage Drive , Payson AZ 85541.0 ",,40021401980.0,THE SHELBY SCHOOL," 249 W. Standage Drive , Payson AZ 85541.0 ",1.0,1.0,4,AZ,,,,1999.0
"PEPE BARRON MIDDLE SCHOOL  2797 N. Introspect Drive , Tucson AZ 85745.0 ",,40029602209.0,PEPE BARRON MIDDLE SCHOOL," 2797 N. Introspect Drive , Tucson AZ 85745.0 ",1.0,1.0,1,AZ,,,,2000.0
"VISIONS UNLIMITED ACADEMY  1275 East Barney Lane , Benson AZ 85602.0 ",,40029902099.0,VISIONS UNLIMITED ACADEMY," 1275 East Barney Lane , Benson AZ 85602.0 ",1.0,1.0,1,AZ,VisionsUnlimitedAcademy.com,,,2000.0
"SOUTHSIDE COMMUNITY SCHOOL  2701 S. Campbell Ave , Tucson AZ 85713.0 ",,40031802203.0,SOUTHSIDE COMMUNITY SCHOOL," 2701 S. Campbell Ave , Tucson AZ 85713.0 ",1.0,1.0,4,AZ,,,,2000.0
"CARPE DIEM COLLEGIATE HIGH SCHOOL DBA CARPE DIEM E-LEARNING  3777 W. 22nd Lane , Yuma AZ 85364.0 ",,40038102319.0,CARPE DIEM COLLEGIATE HIGH SCHOOL DBA CARPE DIEM E-LEARNING," 3777 W. 22nd Lane , Yuma AZ 85364.0 ",1.0,1.0,4,AZ,,,,2002.0
"ISCHOOL2020  3777 W 22nd Lane , Yuma AZ 85364.0 ",,40038102866.0,ISCHOOL2020," 3777 W 22nd Lane , Yuma AZ 85364.0 ",1.0,1.0,3,AZ,,,,2007.0
"LIFELONG LEARNING ACADEMY  3295 W. Orange Grove , Tucson AZ 85741.0 ",,40039302297.0,LIFELONG LEARNING ACADEMY," 3295 W. Orange Grove , Tucson AZ 85741.0 ",1.0,1.0,1,AZ,,,,2002.0
"JEFFERSON ACADEMY OF ADVANCED LEARNING  40 South 11th Street , Show Low AZ 85901.0 ",,40039802308.0,JEFFERSON ACADEMY OF ADVANCED LEARNING," 40 South 11th Street , Show Low AZ 85901.0 ",2.0,1.0,4,AZ,www.Jefferson-Academy.com,2016.0,,2002.0
"MOSAICA PREPARATORY ACADEMY OF CHANDLER  5835 West Ray Road , Chandler AZ 85226.0 ",,40041802446.0,MOSAICA PREPARATORY ACADEMY OF CHANDLER," 5835 West Ray Road , Chandler AZ 85226.0 ",2.0,1.0,4,AZ,,2016.0,,2004.0
"SEQUOIA REDWOOD CHARTER SCHOOL  6810 W. Thunderbird Rd. , Peoria AZ 85048.0 ",,40063702032.0,SEQUOIA REDWOOD CHARTER SCHOOL," 6810 W. Thunderbird Rd. , Peoria AZ 85048.0 ",1.0,1.0,1,AZ,azconservatory.org,,SEQUOIA REDWOOD CHARTER SCHOOL,2004.0
"ACADEMY DEL SOL - HOPE  7102 W. Valley Crest Pl , Tucson AZ 85757.0 ",,40079703230.0,ACADEMY DEL SOL - HOPE," 7102 W. Valley Crest Pl , Tucson AZ 85757.0 ",1.0,1.0,1,AZ,,,,2010.0
"JACK THOMAN AIR AND SPACE ACADEMY AND PERFORMING ARTS STUDIO  730 W. Calle Arroyo Sur , Green Valley AZ 85614.0 ",,40082603207.0,JACK THOMAN AIR AND SPACE ACADEMY AND PERFORMING ARTS STUDIO," 730 W. Calle Arroyo Sur , Green Valley AZ 85614.0 ",1.0,1.0,1,AZ,https//www,,,2010.0
"DIGITAL TECHNOLOGY ACADEMY  1250 W. Continental RD. , Green Valley AZ 85614.0 ",,40082603303.0,DIGITAL TECHNOLOGY ACADEMY," 1250 W. Continental RD. , Green Valley AZ 85614.0 ",2.0,1.0,1,AZ,www.airandspaceacademy.com,2016.0,,2011.0
"THE EARLY CAREER ACADEMY  5005 S. Wendler Dr. , Tempe AZ 85248.0 ",,40093103501.0,THE EARLY CAREER ACADEMY," 5005 S. Wendler Dr. , Tempe AZ 85248.0 ",6.0,3.0,3,AZ,,,,2015.0
"SENECA PREPARATORY ACADEMY  601 E. Fort Lowell Blvd. , Tucson AZ 85705.0 ",,40093203474.0,SENECA PREPARATORY ACADEMY," 601 E. Fort Lowell Blvd. , Tucson AZ 85705.0 ",6.0,3.0,1,AZ,,,,2015.0
"ACADEMY OF ARTS AND SCIENCES: LOS ANGELES (9-12)  17500 Burbank Blvd. , Encino CA 91361.0 ",,60000113811.0,ACADEMY OF ARTS AND SCIENCES: LOS ANGELES (9-12)," 17500 Burbank Blvd. , Encino CA 91361.0 ",2.0,1.0,3,CA,www.aascalifornia.org,2016.0,,2014.0
"ACADEMY OF ARTS AND SCIENCES: LOS ANGELES (K-8)  17500 Burbank Blvd , Encino CA 91361.0 ",,60000113840.0,ACADEMY OF ARTS AND SCIENCES: LOS ANGELES (K-8)," 17500 Burbank Blvd , Encino CA 91361.0 ",2.0,1.0,1,CA,www.aascalifornia.org,2016.0,,2014.0
"WESTLAKE CHARTER MIDDLE  1985 Pebblewood Dr. , Sacramento CA 95834.0 ",,60003612980.0,WESTLAKE CHARTER MIDDLE," 1985 Pebblewood Dr. , Sacramento CA 95834.0 ",2.0,1.0,2,CA,www.westlakecharter.com,2016.0,,2011.0
"SAN FRANCISCO FLEX ACADEMY  1350 7th Ave. , San Francisco CA 94122.0 ",,60141112672.0,SAN FRANCISCO FLEX ACADEMY," 1350 7th Ave. , San Francisco CA 94122.0 ",2.0,1.0,4,CA,www.sfflex.org,2016.0,,2010.0
"THRIVE PUBLIC  4260 54th St. , San Diego CA 92115.0 ",,60142912498.0,THRIVE PUBLIC," 4260 54th St. , San Diego CA 92115.0 ",2.0,1.0,1,CA,www.thriveps.org,2016.0,,2015.0
"PARAMOUNT COLLEGIATE ACADEMY  4010 El Camino Ave. , Sacramento CA 95821.0 ",,60143213940.0,PARAMOUNT COLLEGIATE ACADEMY," 4010 El Camino Ave. , Sacramento CA 95821.0 ",1.0,3.0,4,CA,www.pcaeducation.org,,,2015.0
"ACE ALUM ROCK  1990 Kammerer Ave , San Jose CA 95116.0 ",,60231013844.0,ACE ALUM ROCK," 1990 Kammerer Ave , San Jose CA 95116.0 ",2.0,1.0,2,CA,www.acecharter.org,2016.0,,2014.0
"OXFORD PREPARATORY ACADEMY - SAN DIEGO COUNTY  2281 Diegueno Dr. , Borrego Springs CA 92004.0 ",,60570013716.0,OXFORD PREPARATORY ACADEMY - SAN DIEGO COUNTY," 2281 Diegueno Dr. , Borrego Springs CA 92004.0 ",2.0,1.0,4,CA,www.oxfordchampions.org,2016.0,,2013.0
"VALLEY ARTS AND SCIENCE ACADEMY (VASA)  735 N. Glenn Ave. , Fresno CA 93728.0 ",,61455011588.0,VALLEY ARTS AND SCIENCE ACADEMY (VASA)," 735 N. Glenn Ave. , Fresno CA 93728.0 ",2.0,1.0,1,CA,www.vasaelementary.com,2016.0,,2006.0
"NORTH WOODS DISCOVERY  14732 Bass Dr. , Redding CA 96003.0 ",,61495010422.0,NORTH WOODS DISCOVERY," 14732 Bass Dr. , Redding CA 96003.0 ",2.0,1.0,1,CA,,2016.0,,2001.0
"REDDING SCHOOL OF THE ARTS II  955 Inspiration Pl. , Redding CA 96002.0 ",,61495012118.0,REDDING SCHOOL OF THE ARTS II," 955 Inspiration Pl. , Redding CA 96002.0 ",2.0,1.0,1,CA,www.rsarts.org,2016.0,,2007.0
"MID VALLEY ALTERNATIVE CHARTER  9895 Seventh Ave. , Hanford CA 93230.0 ",,61989004566.0,MID VALLEY ALTERNATIVE CHARTER," 9895 Seventh Ave. , Hanford CA 93230.0 ",1.0,1.0,1,CA,www.kitcarsonschool.com,2010.0,,1998.0
"LOU DANTZLER PREPARATORY CHARTER MIDDLE  5029 S. Vermont Ave. , Los Angeles CA 90037.0 ",,62271011659.0,LOU DANTZLER PREPARATORY CHARTER MIDDLE," 5029 S. Vermont Ave. , Los Angeles CA 90037.0 ",2.0,1.0,2,CA,http://icefldpms.sharpschool.net/,2016.0,,2007.0
"STUDENT EMPOWERMENT ACADEMY  1319 E. 41st St. , Los Angeles CA 90011.0 ",,62271012035.0,STUDENT EMPOWERMENT ACADEMY," 1319 E. 41st St. , Los Angeles CA 90011.0 ",2.0,1.0,3,CA,,2016.0,,2006.0
"CELERITY TROIKA CHARTER  1495 Colorado Blvd. , Los Angeles CA 90041.0 ",,62271012120.0,CELERITY TROIKA CHARTER," 1495 Colorado Blvd. , Los Angeles CA 90041.0 ",1.0,1.0,1,CA,www.celerityschools.org,,CELERITY TROIKA CHARTER,2007.0
"ANIMO ELLEN OCHOA CHARTER MIDDLE  725 S. Indiana St. Rm. 65 , Los Angeles CA 90023.0 ",,62271012905.0,ANIMO ELLEN OCHOA CHARTER MIDDLE," 725 S. Indiana St. Rm. 65 , Los Angeles CA 90023.0 ",1.0,1.0,2,CA,,2013.0,ANIMO ELLEN OCHOA CHARTER MIDDLE,
"ALLIANCE MARGARET M. BLOOMFIELD TECHNOLOGY ACADEMY HIGH  7907 Santa Fe Ave. , Huntington Park CA 90255.0 ",,62271012924.0,ALLIANCE MARGARET M. BLOOMFIELD TECHNOLOGY ACADEMY HIGH," 7907 Santa Fe Ave. , Huntington Park CA 90255.0 ",1.0,1.0,3,CA,www.laalliance.org,2013.0,ALLIANCE MARGARET M. BLOOMFIELD TECHNOLOGY ACADEMY HIGH,
"THE CITY  11625 W. Pico Blvd. , Los Angeles CA 90064.0 ",,62271013067.0,THE CITY," 11625 W. Pico Blvd. , Los Angeles CA 90064.0 ",2.0,1.0,2,CA,www.citycharterschool.org,2016.0,,2012.0
"ALLIANCE ALICE M. BAXTER COLLEGE-READY HIGH  461 W. 9th St. , San Pedro CA 90731.0 ",,62271013099.0,ALLIANCE ALICE M. BAXTER COLLEGE-READY HIGH," 461 W. 9th St. , San Pedro CA 90731.0 ",1.0,1.0,3,CA,www.laalliance.org,2013.0,ALLIANCE ALICE M. BAXTER COLLEGE-READY HIGH,2012.0
"HOPE ACADEMY CHARTER  12421 Hesperia Rd. Ste. 5 , Victorville CA 92395.0 ",,62586012947.0,HOPE ACADEMY CHARTER," 12421 Hesperia Rd. Ste. 5 , Victorville CA 92395.0 ",2.0,1.0,4,CA,www.hopeacademycharter.org,2016.0,,2011.0
"ACADEMY OF ARTS AND SCIENCES: DEL MAR ELEMENTARY (K-5)  850 Hampshire Rd. Ste. C , Thousand Oaks CA 91361.0 ",,62610013068.0,ACADEMY OF ARTS AND SCIENCES: DEL MAR ELEMENTARY (K-5)," 850 Hampshire Rd. Ste. C , Thousand Oaks CA 91361.0 ",2.0,1.0,1,CA,www.aascalifornia.org,2016.0,,2012.0
"ACADEMY OF ARTS AND SCIENCES: EL CAJON ELEMENTARY (K-5)  850 Hampshire Rd. Ste. C , Thousand Oaks CA 91361.0 ",,62610013140.0,ACADEMY OF ARTS AND SCIENCES: EL CAJON ELEMENTARY (K-5)," 850 Hampshire Rd. Ste. C , Thousand Oaks CA 91361.0 ",2.0,1.0,1,CA,www.aascalifornia.org,2016.0,,2012.0
"ACAD OF ARTS AND SCIS: EL CAJON MID AND HIGH (6-12)  850 Hampshire Rd. Ste. C , Thousand Oaks CA 91361.0 ",,62610013186.0,ACAD OF ARTS AND SCIS: EL CAJON MID AND HIGH (6-12)," 850 Hampshire Rd. Ste. C , Thousand Oaks CA 91361.0 ",2.0,1.0,4,CA,www.aascalifornia.org,2016.0,,2012.0
"ACADEMY OF ARTS AND SCIENCES: OXNARD & VENTURA  850 Hampshire Rd. Ste.C , Westlake Village CA 91361.0 ",,62646013077.0,ACADEMY OF ARTS AND SCIENCES: OXNARD & VENTURA," 850 Hampshire Rd. Ste.C , Westlake Village CA 91361.0 ",2.0,1.0,4,CA,www.aascalifornia.org,2016.0,,2012.0
"SIERRA ACADEMY OF EXPEDITIONARY LEARNING  340 Buena Vista St. , Grass Valley CA 95945.0 ",,62688012922.0,SIERRA ACADEMY OF EXPEDITIONARY LEARNING," 340 Buena Vista St. , Grass Valley CA 95945.0 ",1.0,1.0,3,CA,www.sierraacademy.net,2013.0,,
"CASTLEMONT PRIMARY ACADEMY  8711 MacArthur Blvd. , Oakland CA 94605.0 ",,62805013864.0,CASTLEMONT PRIMARY ACADEMY," 8711 MacArthur Blvd. , Oakland CA 94605.0 ",1.0,3.0,1,CA,www.cctschools.org,,,2015.0
"CASTLEMONT JUNIOR ACADEMY  8711 MacArthur Blvd. , Oakland CA 94605.0 ",,62805013889.0,CASTLEMONT JUNIOR ACADEMY," 8711 MacArthur Blvd. , Oakland CA 94605.0 ",2.0,3.0,2,CA,www.cctschools.org,2016.0,,2015.0
"NATIONAL UNIVERSITY ACADEMY - ORANGE CENTER  3530 S. Cherry Ave. , Fresno CA 93706.0 ",,62853012966.0,NATIONAL UNIVERSITY ACADEMY - ORANGE CENTER," 3530 S. Cherry Ave. , Fresno CA 93706.0 ",2.0,1.0,4,CA,,2016.0,,2011.0
"WEIMAR HILLS CHARTER  200 W. Weimar Cross Rd. , Weimar CA 95736.0 ",,63072012722.0,WEIMAR HILLS CHARTER," 200 W. Weimar Cross Rd. , Weimar CA 95736.0 ",2.0,1.0,2,CA,www.weimarcharter.org,2016.0,,2010.0
"UNIVERSITY CHARTER MIDDLE SCHOOL AT CSU CHANNEL ISLANDS  700 Temple Ave. , Camarillo CA 93010.0 ",,63099011832.0,UNIVERSITY CHARTER MIDDLE SCHOOL AT CSU CHANNEL ISLANDS," 700 Temple Ave. , Camarillo CA 93010.0 ",2.0,1.0,2,CA,www.universitycharterschools.cusci.edu,2016.0,UNIVERSITY CHARTER MIDDLE SCHOOL AT CSU CHANNEL ISLANDS,2006.0
"ASPIRE EAST PALO ALTO CHARTER  1286 Runnymede St. , East Palo Alto CA 94303.0 ",,63186007420.0,ASPIRE EAST PALO ALTO CHARTER," 1286 Runnymede St. , East Palo Alto CA 94303.0 ",2.0,1.0,1,CA,www.aspirepublicschools.org,2016.0,ASPIRE EAST PALO ALTO CHARTER,1998.0
"NATIONAL UNIVERSITY ACADEMY ROBLA  1101 National Dr. Ste. C , Sacramento CA 95834.0 ",,63324013909.0,NATIONAL UNIVERSITY ACADEMY ROBLA," 1101 National Dr. Ste. C , Sacramento CA 95834.0 ",2.0,3.0,4,CA,www.nuacademy.org,2016.0,,2015.0
"NEW JOSEPH BONNHEIM (NJB) COMMUNITY CHARTER  7300 Marin Ave. , Sacramento CA 95820.0 ",,63384005261.0,NEW JOSEPH BONNHEIM (NJB) COMMUNITY CHARTER," 7300 Marin Ave. , Sacramento CA 95820.0 ",1.0,1.0,1,CA,www.thenewbonnheim.com,2013.0,,1998.0
"TAFT T. NEWMAN LEADERSHIP ACADEMY  1314 E. Date St. , San Bernardino CA 92404.0 ",,63417013181.0,TAFT T. NEWMAN LEADERSHIP ACADEMY," 1314 E. Date St. , San Bernardino CA 92404.0 ",1.0,1.0,1,CA,www.newmanleadership.org,,,2012.0
"CENTER FOR LEARNING AND EDUCATIONAL SUCCESS  1697 N. Sierra Way , San Bernardino CA 92405.0 ",,63417013709.0,CENTER FOR LEARNING AND EDUCATIONAL SUCCESS," 1697 N. Sierra Way , San Bernardino CA 92405.0 ",1.0,1.0,3,CA,,,,2013.0
"SAN DIEGO GLOBAL VISION ACADEMY MIDDLE  3430 Sch St. , San Diego CA 92116.0 ",,63432013033.0,SAN DIEGO GLOBAL VISION ACADEMY MIDDLE," 3430 Sch St. , San Diego CA 92116.0 ",2.0,1.0,2,CA,www.sdgva.org,2016.0,,2012.0
"SANTA ROSA CHARTER  1350 Bennett Valley Rd. , Santa Rosa CA 95404.0 ",,63581005444.0,SANTA ROSA CHARTER," 1350 Bennett Valley Rd. , Santa Rosa CA 95404.0 ",2.0,1.0,1,CA,www.srecschool.org,2016.0,,1998.0
"INSIGHT @ LOS ANGELES  50 Moreland Rd. , Simi Valley CA 93065.0 ",,64200013027.0,INSIGHT @ LOS ANGELES," 50 Moreland Rd. , Simi Valley CA 93065.0 ",2.0,1.0,3,CA,www.caliva.org,2016.0,,2011.0
"OPPORTUNITIES FOR LEARNING - FRESNO  1603 E. St. , Fresno CA 93706.0 ",,64221013118.0,OPPORTUNITIES FOR LEARNING - FRESNO," 1603 E. St. , Fresno CA 93706.0 ",1.0,1.0,3,CA,www.emsofl.com,,OPPORTUNITIES FOR LEARNING - FRESNO,2012.0
"CALIFORNIA STEAM  19191 W. Excelsior Ave. , Five Points CA 93624.0 ",,64221013956.0,CALIFORNIA STEAM," 19191 W. Excelsior Ave. , Five Points CA 93624.0 ",2.0,3.0,N,CA,www.californiaprep.org,2016.0,,2015.0
"WESTWOOD CHARTER  313 Birch St. , Westwood CA 96137.0 ",,64230010513.0,WESTWOOD CHARTER," 313 Birch St. , Westwood CA 96137.0 ",1.0,1.0,4,CA,www.wcschool.net,,,2002.0
"ALBERT EINSTEIN ACADEMY FOR LETTERS ARTS AND SCIENCES  28141 Kelly Johnson Pkwy. , Santa Clarita CA 91355.0 ",,64251012655.0,ALBERT EINSTEIN ACADEMY FOR LETTERS ARTS AND SCIENCES," 28141 Kelly Johnson Pkwy. , Santa Clarita CA 91355.0 ",1.0,1.0,3,CA,http://ealas.org,,,2010.0
"SHENANDOAH VALLEY  10010 Shenandoah Rd. , Plymouth CA 95669.0 ",,69100113745.0,SHENANDOAH VALLEY," 10010 Shenandoah Rd. , Plymouth CA 95669.0 ",1.0,1.0,2,CA,http://www.acoecurriculum.net/shenandoah-valley-schoola-dependent-charter-school,,,2014.0
"CORE BUTTE CHARTER  260 Cohasset Rd. Ste. 120 , Chico CA 95926.0 ",,69100211953.0,CORE BUTTE CHARTER," 260 Cohasset Rd. Ste. 120 , Chico CA 95926.0 ",1.0,1.0,4,CA,www.corebutte.org,2007.0,,2006.0
"NEW SPIRIT CHARTER ACADEMY  4147 E. Dakota Ave. , Fresno CA 93726.0 ",,69100713018.0,NEW SPIRIT CHARTER ACADEMY," 4147 E. Dakota Ave. , Fresno CA 93726.0 ",2.0,1.0,1,CA,www.newspiritfresno.org,2016.0,,2011.0
"LEADERSHIP PUBLIC SCHOOLS - SAN JOSE  1881 Cunningham Ave. , San Jose CA 95122.0 ",,69103511441.0,LEADERSHIP PUBLIC SCHOOLS - SAN JOSE," 1881 Cunningham Ave. , San Jose CA 95122.0 ",2.0,1.0,3,CA,www.leadps.org,2016.0,,2004.0
"MAGNOLIA SCIENCE ACADEMY SANTA CLARA  14271 Story Rd. , San Jose CA 95127.0 ",,69103512575.0,MAGNOLIA SCIENCE ACADEMY SANTA CLARA," 14271 Story Rd. , San Jose CA 95127.0 ",2.0,1.0,4,CA,www.santaclara.magnoliascience.org,2016.0,,2010.0
"SILICON VALLEY FLEX ACADEMY  610 Jarvis Dr. , Morgan Hill CA 95037.0 ",,69103512654.0,SILICON VALLEY FLEX ACADEMY," 610 Jarvis Dr. , Morgan Hill CA 95037.0 ",2.0,1.0,4,CA,www.svflex.org,2016.0,,2011.0
"JARDIN DE LA INFANCIA  307 E. Seventh St. , Los Angeles CA 90014.0 ",,69107810853.0,JARDIN DE LA INFANCIA," 307 E. Seventh St. , Los Angeles CA 90014.0 ",1.0,1.0,1,CA,,,,2013.0
,,69107812925.0,,,,1.0,1,CA,http://celerityschools.org,,,2011.0
"KIPP MONTBELLO ELEMENTARY  19451 EAST MAXWELL PLACE , DENVER CO 80249.0 ",,80336006652.0,KIPP MONTBELLO ELEMENTARY," 19451 EAST MAXWELL PLACE , DENVER CO 80249.0 ",1.0,3.0,1,CO,http://www.kippcolorado.org,,,2015.0
"PRAIRIE CREEKS CHARTER SCHOOL  1983 MONROE STREET , STRASBURG CO 80136.0 ",,80675001669.0,PRAIRIE CREEKS CHARTER SCHOOL," 1983 MONROE STREET , STRASBURG CO 80136.0 ",1.0,1.0,3,CO,,,,1999.0
"MOYER (MAURICE J.) ACADEMY  610 East 17th Street , Wilmington DE 19802.0 ",,100002300253.0,MOYER (MAURICE J.) ACADEMY," 610 East 17th Street , Wilmington DE 19802.0 ",1.0,1.0,4,DE,www.mauricejmoyeracademicinstitute.org,,,2006.0
"DELAWARE COLLEGE PREPARATORY ACADEMY  510 West 28th Street , Wilmington DE 19802.0 ",,100004700336.0,DELAWARE COLLEGE PREPARATORY ACADEMY," 510 West 28th Street , Wilmington DE 19802.0 ",1.0,1.0,1,DE,www.dcpacademy.org/,,,2008.0
"REACH ACADEMY FOR GIRLS  170 Lukens Drive , New Castle DE 19720.0 ",,100005100340.0,REACH ACADEMY FOR GIRLS," 170 Lukens Drive , New Castle DE 19720.0 ",1.0,1.0,1,DE,www.reachacademyforgirls.org/,,,2010.0
"POTOMAC PREPARATORY PCS  4401 8th Street NE , Washington DC 20017.0 ",,110006000310.0,POTOMAC PREPARATORY PCS," 4401 8th Street NE , Washington DC 20017.0 ",2.0,1.0,1,DC,www.potomacprep.org,2016.0,,2005.0
"BROWARD COMMUNITY CHARTER WEST  11421 NW 56TH DR , CORAL SPRINGS FL 33076.0 ",,120018004469.0,BROWARD COMMUNITY CHARTER WEST," 11421 NW 56TH DR , CORAL SPRINGS FL 33076.0 ",2.0,1.0,1,FL,browardcharter.org,2016.0,,2006.0
"DISCOVERY MIDDLE CHARTER SCHOOL  11421 NW 56TH DR , CORAL SPRINGS FL 33076.0 ",,120018007265.0,DISCOVERY MIDDLE CHARTER SCHOOL," 11421 NW 56TH DR , CORAL SPRINGS FL 33076.0 ",2.0,1.0,2,FL,browardcharter.org,2016.0,,2007.0
"BEN GAMLA CHARTER HIGH SCHOOL  2650 VAN BUREN ST , HOLLYWOOD FL 33020.0 ",,120018007799.0,BEN GAMLA CHARTER HIGH SCHOOL," 2650 VAN BUREN ST , HOLLYWOOD FL 33020.0 ",2.0,1.0,3,FL,bengamlaplantation.org,2016.0,BEN GAMLA CHARTER HIGH SCHOOL,2011.0
"BEN GAMLA CHARTER SCHOOL HALLANDALE  6511 W SUNRISE BLVD , PLANTATION FL 33313.0 ",,120018007876.0,BEN GAMLA CHARTER SCHOOL HALLANDALE," 6511 W SUNRISE BLVD , PLANTATION FL 33313.0 ",2.0,1.0,1,FL,bengamlaplantation.org,2016.0,BEN GAMLA CHARTER SCHOOL HALLANDALE,2011.0
"IMAGINE MIDDLE SCHOOL WEST  2500 GLADES CIRCLE , WESTON FL 33327.0 ",,120018007978.0,IMAGINE MIDDLE SCHOOL WEST," 2500 GLADES CIRCLE , WESTON FL 33327.0 ",2.0,1.0,2,FL,imaginecharterschoolsatweston.com,2016.0,IMAGINE MIDDLE SCHOOL WEST,2012.0
"FLORIDA VIRTUAL ACADEMY AT BROWARD COUNTY  110 SE 6TH ST 15 FL , FORT LAUDERDALE FL 33301.0 ",,120018008071.0,FLORIDA VIRTUAL ACADEMY AT BROWARD COUNTY," 110 SE 6TH ST 15 FL , FORT LAUDERDALE FL 33301.0 ",2.0,1.0,4,FL,flva.org,2012.0,,
"PIVOT CHARTER SCHOOL  8129 N PINE ISLAND RD , TAMARAC FL 33321.0 ",,120018008092.0,PIVOT CHARTER SCHOOL," 8129 N PINE ISLAND RD , TAMARAC FL 33321.0 ",1.0,1.0,4,FL,pivotcharterschoolfortlauderdale.com,,,2013.0
"IGENERATION EMPOWERMENT ACADEMY OF BROWARD COUNTY  6101 NW 31ST ST , MARGATE FL 33063.0 ",,120018008172.0,IGENERATION EMPOWERMENT ACADEMY OF BROWARD COUNTY," 6101 NW 31ST ST , MARGATE FL 33063.0 ",2.0,1.0,4,FL,ischoolacademy.org,2016.0,,2013.0
"NEW GENERATION PREPARATORY HIGH SCHOOL OF PERFORMING ARTS  2890 NW 62ND ST , FT. LAUDERDALE FL 33309.0 ",,120018008263.0,NEW GENERATION PREPARATORY HIGH SCHOOL OF PERFORMING ARTS," 2890 NW 62ND ST , FT. LAUDERDALE FL 33309.0 ",2.0,1.0,3,FL,newgenerationhigh.com,2016.0,,2013.0
"BEN GAMLA CHARTER SCHOOL  11155 SW 112TH AVE , MIAMI FL 33176.0 ",,120039007271.0,BEN GAMLA CHARTER SCHOOL," 11155 SW 112TH AVE , MIAMI FL 33176.0 ",1.0,1.0,1,FL,http://www.dadeschools.net,2009.0,BEN GAMLA CHARTER SCHOOL,
"RICHARD ALLEN LEADERSHIP ACADEMY  940 CALIPH ST , OPA LOCKA FL 33054.0 ",,120039007473.0,RICHARD ALLEN LEADERSHIP ACADEMY," 940 CALIPH ST , OPA LOCKA FL 33054.0 ",2.0,1.0,1,FL,www.richardallenla.com,2016.0,RICHARD ALLEN LEADERSHIP ACADEMY,2008.0
"RAMZ ACADEMY K-5 MIAMI CAMPUS  2609 NW 7TH ST , MIAMI FL 33125.0 ",,120039007938.0,RAMZ ACADEMY K-5 MIAMI CAMPUS," 2609 NW 7TH ST , MIAMI FL 33125.0 ",2.0,1.0,1,FL,http://www.dadeschools.net,2016.0,,2011.0
"SOMERSET ACADEMY-MIDDLE EAGLE CAMPUS  1429 BROWARD RD , JACKSONVILLE FL 32218.0 ",,120048007902.0,SOMERSET ACADEMY-MIDDLE EAGLE CAMPUS," 1429 BROWARD RD , JACKSONVILLE FL 32218.0 ",1.0,1.0,2,FL,HTTP://SOMERSETACADEMY-JACKSONVILLE.ORG,,SOMERSET ACADEMY-MIDDLE EAGLE CAMPUS,2010.0
"SOMERSET EAGLE HIGH SCHOOL  8985 LONE STAR RD , JACKSONVILLE FL 32211.0 ",,120048008108.0,SOMERSET EAGLE HIGH SCHOOL," 8985 LONE STAR RD , JACKSONVILLE FL 32211.0 ",2.0,1.0,4,FL,www.somersetacademy-jacksonville.org,2016.0,SOMERSET EAGLE HIGH SCHOOL,2012.0
"VALOR ACADEMY OF LEADERSHIP-HIGH SCHOOL  4819 SOUTEL RD , JACKSONVILLE FL 32208.0 ",,120048008350.0,VALOR ACADEMY OF LEADERSHIP-HIGH SCHOOL," 4819 SOUTEL RD , JACKSONVILLE FL 32208.0 ",1.0,1.0,4,FL,http://www.valoracademyjax.org/,,,2014.0
"VALOR ACADEMY OF LEADERSHIP MIDDLE SCHOOL  4819 SOUTEL RD , JACKSONVILLE FL 32208.0 ",,120048008399.0,VALOR ACADEMY OF LEADERSHIP MIDDLE SCHOOL," 4819 SOUTEL RD , JACKSONVILLE FL 32208.0 ",1.0,1.0,2,FL,http://www.valoracademyjax.org/,,,2014.0
"RICHARDSON MONTESSORI ACADEMY  9390 N FLORIDA AVE , TAMPA FL 33612.0 ",,120087003187.0,RICHARDSON MONTESSORI ACADEMY," 9390 N FLORIDA AVE , TAMPA FL 33612.0 ",2.0,1.0,1,FL,http://www.sdhc.k12.fl.us/,2016.0,,1998.0
"PEPIN ACADEMIES  3916 E HILLSBOROUGH AVE , TAMPA FL 33610.0 ",,120087003589.0,PEPIN ACADEMIES," 3916 E HILLSBOROUGH AVE , TAMPA FL 33610.0 ",1.0,1.0,4,FL,http://pepinacademies.com/,,,1999.0
"KID'S COMMUNITY COLLEGE MIDDLE CHARTER SCHOOL  10030 MATHOG RD , RIVERVIEW FL 33578.0 ",,120087007789.0,KID'S COMMUNITY COLLEGE MIDDLE CHARTER SCHOOL," 10030 MATHOG RD , RIVERVIEW FL 33578.0 ",2.0,1.0,2,FL,http://www.sdhc.k12.fl.us/,2016.0,,2010.0
"PIVOT CHARTER SCHOOL  2675 WINKLER AVE  STE 200 , FORT MYERS FL 33901.0 ",,120108007850.0,PIVOT CHARTER SCHOOL," 2675 WINKLER AVE  STE 200 , FORT MYERS FL 33901.0 ",1.0,1.0,4,FL,http://www.pivotftmyers.com/,,,2011.0
"WOODVILLE MIDDLE SCHOOL OF LEADERSHIP THROUGH HISTORY AND CI  1900 NATURAL BRIDGE RD , WOODVILE FL 32305.0 ",,120111008356.0,WOODVILLE MIDDLE SCHOOL OF LEADERSHIP THROUGH HISTORY AND CI," 1900 NATURAL BRIDGE RD , WOODVILE FL 32305.0 ",2.0,1.0,2,FL,http://www.leonschools.net,2016.0,,2014.0
"JUST FOR GIRLS ACADEMY  1011 21ST ST E , BRADENTON FL 34208.0 ",,120123008208.0,JUST FOR GIRLS ACADEMY," 1011 21ST ST E , BRADENTON FL 34208.0 ",2.0,1.0,1,FL,http://www.manateeschools.net/,2016.0,,2012.0
"PROSPERITAS LEADERSHIP ACADEMY CHARTER  4526 S ORANGE BLOSSOM TRL , ORLANDO FL 32839.0 ",,120144007442.0,PROSPERITAS LEADERSHIP ACADEMY CHARTER," 4526 S ORANGE BLOSSOM TRL , ORLANDO FL 32839.0 ",1.0,1.0,3,FL,http://www.ocps.net,,,2007.0
"OASIS PREPARATORY ACADEMY CHARTER  5200 WEST SOUTH ST , ORLANDO FL 32811.0 ",,120144008066.0,OASIS PREPARATORY ACADEMY CHARTER," 5200 WEST SOUTH ST , ORLANDO FL 32811.0 ",1.0,1.0,1,FL,www.oasisprep.com,2013.0,,
"FOUR CORNERS CHARTER MIDDLE SCHOOL  9160 BELLA CITTA BLVD , DAVENPORT FL 33896.0 ",,120147008141.0,FOUR CORNERS CHARTER MIDDLE SCHOOL," 9160 BELLA CITTA BLVD , DAVENPORT FL 33896.0 ",1.0,8.0,2,FL,www.osceola.k12.fl.us,2013.0,,
"LAKESIDE ACADEMY  716 S MAIN ST , BELLE GLADE FL 33430.0 ",,120150003639.0,LAKESIDE ACADEMY," 716 S MAIN ST , BELLE GLADE FL 33430.0 ",2.0,1.0,1,FL,http://gml136.wix.com/lakeside-academy,2016.0,,1999.0
"RIVIERA BEACH MARITIME ACADEMY  251 W 11TH ST , RIVIERA BEACH FL 33404.0 ",,120150005968.0,RIVIERA BEACH MARITIME ACADEMY," 251 W 11TH ST , RIVIERA BEACH FL 33404.0 ",1.0,1.0,3,FL,www.rbmaritime.org,,,2006.0
"LEARNING PATH ACADEMY  1340 KENWOOD RD , WEST PALM BEACH FL 33401.0 ",,120150008239.0,LEARNING PATH ACADEMY," 1340 KENWOOD RD , WEST PALM BEACH FL 33401.0 ",1.0,1.0,1,FL,www.learningpathacademy.com,,,2013.0
"BELLE GLADE EXCEL CHARTER SCHOOL  555 SW 16TH ST , BELLE GLADE FL 33430.0 ",,120150008261.0,BELLE GLADE EXCEL CHARTER SCHOOL," 555 SW 16TH ST , BELLE GLADE FL 33430.0 ",1.0,1.0,1,FL,www.ecs.lsfnet.org,,,2013.0
"FLORIDA VIRTUAL ACADEMY AT PALM BEACH COUNTY  9143 PHILLIPS HIGHWAY STE 590 , JACKSONVILLE BEACH FL 32256.0 ",,120150008269.0,FLORIDA VIRTUAL ACADEMY AT PALM BEACH COUNTY," 9143 PHILLIPS HIGHWAY STE 590 , JACKSONVILLE BEACH FL 32256.0 ",2.0,1.0,4,FL,http://flva.k12.com/,2016.0,,2013.0
"INSPIRED 2 THINK VIRTUAL CHARTER SCHOOL  2385 NW EXECUTIVE CENTER DR ST , BOCA RATON FL 33431.0 ",,120150008393.0,INSPIRED 2 THINK VIRTUAL CHARTER SCHOOL," 2385 NW EXECUTIVE CENTER DR ST , BOCA RATON FL 33431.0 ",1.0,1.0,4,FL,www.inspired2thinkvirtual.org,,,2014.0
"PINELLAS WESTCOAST ACADEMY HIGH SCHOOL  21800 US HIGHWAY 19 N , CLEARWATER FL 33765.0 ",,120156007946.0,PINELLAS WESTCOAST ACADEMY HIGH SCHOOL," 21800 US HIGHWAY 19 N , CLEARWATER FL 33765.0 ",1.0,1.0,3,FL,www.newpointschools.com,,,2011.0
"WINDSOR PREPARATORY ACADEMY  5175 45TH ST N , ST PETERSBURG FL 33714.0 ",,120156008099.0,WINDSOR PREPARATORY ACADEMY," 5175 45TH ST N , ST PETERSBURG FL 33714.0 ",2.0,1.0,1,FL,www.windsorprep.org,2016.0,,2012.0
"UNIVERSITY PREPARATORY ACADEMY CHARTER SCHOOL  1701 10TH ST S , ST PETERSBURG FL 33705.0 ",,120156008255.0,UNIVERSITY PREPARATORY ACADEMY CHARTER SCHOOL," 1701 10TH ST S , ST PETERSBURG FL 33705.0 ",2.0,1.0,1,FL,www.upaflorida.org,2016.0,,2013.0
"NEWPOINT PINELLAS ACADEMY  21810 HWY 19 N , CLEARWATER FL 33765.0 ",,120156008267.0,NEWPOINT PINELLAS ACADEMY," 21810 HWY 19 N , CLEARWATER FL 33765.0 ",1.0,1.0,2,FL,www.newpointpinellas.org,,,2013.0
"EAST WINDSOR MIDDLE ACADEMY  5175 45TH ST N , ST. PETERSBURG FL 33714.0 ",,120156008435.0,EAST WINDSOR MIDDLE ACADEMY," 5175 45TH ST N , ST. PETERSBURG FL 33714.0 ",2.0,1.0,2,FL,www.windsorprep.org,2016.0,,2014.0
"ACADEMY FOR BUSINESS AND LEADERSHIP EDUCATION  149 SAN MARCO AVE , ST AUGUSTINE FL 32084.0 ",,120174007189.0,ACADEMY FOR BUSINESS AND LEADERSHIP EDUCATION," 149 SAN MARCO AVE , ST AUGUSTINE FL 32084.0 ",2.0,1.0,2,FL,www.ableschool.org,2016.0,,2006.0
"ST. PAUL SCHOOL OF EXCELLENCE (SPSE)  85 MARTIN LUTHER KING AVE , ST AUGUSTINE FL 32084.0 ",,120174008107.0,ST. PAUL SCHOOL OF EXCELLENCE (SPSE)," 85 MARTIN LUTHER KING AVE , ST AUGUSTINE FL 32084.0 ",2.0,1.0,1,FL,http://www.spschoolofexcellence.com,2016.0,,2012.0
"RICHARD MILBURN ACADEMY MIDDLE SCHOOL  1025 MASON AVE # 1031 , DAYTONA BEACH FL 32117.0 ",,120192008075.0,RICHARD MILBURN ACADEMY MIDDLE SCHOOL," 1025 MASON AVE # 1031 , DAYTONA BEACH FL 32117.0 ",2.0,1.0,2,FL,rmaflorida.org.,2016.0,,2013.0
"CHAUTAUQUA LEARN AND SERVE AT THE ARC OF WALTON COUNTY  1408 A HIGHWAY 83 N , DEFUNIAK SPRINGS FL 32433.0 ",,120198008030.0,CHAUTAUQUA LEARN AND SERVE AT THE ARC OF WALTON COUNTY," 1408 A HIGHWAY 83 N , DEFUNIAK SPRINGS FL 32433.0 ",2.0,1.0,3,FL,http://www.walton.k12.fl.us/,2016.0,,2011.0
"KIPP WEST ATLANTA YOUNG SCHOLARS ACADEMY  350 Temple St NW , Atlanta GA 30314.0 ",,130012003031.0,KIPP WEST ATLANTA YOUNG SCHOLARS ACADEMY," 350 Temple St NW , Atlanta GA 30314.0 ",1.0,1.0,2,GA,www. Kippways.org,,,2003.0
"LATIN ACADEMY CHARTER SCHOOL  1442 Metropolitan Pkwy SW , Atlanta GA 30310.0 ",,130012004083.0,LATIN ACADEMY CHARTER SCHOOL," 1442 Metropolitan Pkwy SW , Atlanta GA 30310.0 ",2.0,1.0,2,GA,www.latin-academy.org,2016.0,,2012.0
"IVY PREPARATORY YOUNG MEN'S LEADERSHIP ACADEMY- INC.  1807 Memorial Dr SE , Atlanta GA 30317.0 ",,130022904027.0,IVY PREPARATORY YOUNG MEN'S LEADERSHIP ACADEMY- INC.," 1807 Memorial Dr SE , Atlanta GA 30317.0 ",2.0,1.0,4,GA,www.ivyprepacademy.org,2016.0,,2011.0
"IDAHO VISION HIGH SCHOOL  1965 S EAGLE RD. SUITE 190 SUITE 190 , MERIDIAN ID 83642.0 ",,160000401035.0,IDAHO VISION HIGH SCHOOL," 1965 S EAGLE RD. SUITE 190 SUITE 190 , MERIDIAN ID 83642.0 ",1.0,1.0,3,ID,,,IDAHO VISION HIGH SCHOOL,2011.0
"SOUTHEAST IDAHO PROFESSIONAL TECHNICAL SCHOOL  25 EAST 50 SOUTH SUITE A , MALAD CITY ID 83252.0 ",,160096001045.0,SOUTHEAST IDAHO PROFESSIONAL TECHNICAL SCHOOL," 25 EAST 50 SOUTH SUITE A , MALAD CITY ID 83252.0 ",1.0,1.0,3,ID,,2013.0,,
"SHABAZZ INTERNATIONAL CHRTR SCHLS  7823 S Ellis Ave , Chicago IL 60619.0 ",,170993003539.0,SHABAZZ INTERNATIONAL CHRTR SCHLS," 7823 S Ellis Ave , Chicago IL 60619.0 ",2.0,1.0,4,IL,,2016.0,,1999.0
"GALAPAGOS ELEM CHARTER SCHOOL  3814 W Iowa St , Chicago IL 60651.0 ",,170993005798.0,GALAPAGOS ELEM CHARTER SCHOOL," 3814 W Iowa St , Chicago IL 60651.0 ",2.0,1.0,1,IL,,2016.0,,2005.0
"BRONZEVILLE LIGHTHOUSE ELEM CHRTR  8 W Root St , Chicago IL 60609.0 ",,170993005889.0,BRONZEVILLE LIGHTHOUSE ELEM CHRTR," 8 W Root St , Chicago IL 60609.0 ",2.0,1.0,1,IL,,2016.0,,2006.0
"AMANDLA CHARTER SCHOOL  6800 S Stewart Ave , Chicago IL 60621.0 ",,170993005986.0,AMANDLA CHARTER SCHOOL," 6800 S Stewart Ave , Chicago IL 60621.0 ",2.0,1.0,4,IL,,2016.0,,2008.0
"PROLOGUE - JOHNSTON FINE ARTS HS  1551 W 95th St , Chicago IL 60643.0 ",,170993006113.0,PROLOGUE - JOHNSTON FINE ARTS HS," 1551 W 95th St , Chicago IL 60643.0 ",2.0,1.0,3,IL,,2016.0,,2010.0
"IJLA CHARTER HIGH SCHOOL  2520 S Western Ave , Chicago IL 60608.0 ",,170993006238.0,IJLA CHARTER HIGH SCHOOL," 2520 S Western Ave , Chicago IL 60608.0 ",1.0,1.0,3,IL,,,IJLA CHARTER HIGH SCHOOL,2012.0
"HORIZON SCI ACAD CHATHAM CHARTER  8522 S Lafayette Ave , Chicago IL 60620.0 ",,170993006315.0,HORIZON SCI ACAD CHATHAM CHARTER," 8522 S Lafayette Ave , Chicago IL 60620.0 ",1.0,1.0,1,IL,,,,2014.0
"8 POINTS CHARTER SCHOOL  352 Franklin Dr , Jacksonville IL 62650.0 ",,172028006190.0,8 POINTS CHARTER SCHOOL," 352 Franklin Dr , Jacksonville IL 62650.0 ",2.0,1.0,2,IL,,2016.0,,2011.0
"CHARLES A TINDLEY ACCELERATED SCH  3960 Meadows Dr , Indianapolis IN 46205.0 ",,180004502137.0,CHARLES A TINDLEY ACCELERATED SCH," 3960 Meadows Dr , Indianapolis IN 46205.0 ",1.0,1.0,3,IN,,,CHARLES A TINDLEY ACCELERATED SCH,2004.0
"BEACON ACADEMY  620 Cumberland Ave , West Lafayette IN 47906.0 ",,180007502428.0,BEACON ACADEMY," 620 Cumberland Ave , West Lafayette IN 47906.0 ",2.0,1.0,3,IN,,2016.0,,2007.0
"IMAGINE IND LIFE SCIENCE WEST  4950 W 34th St , Indianapolis IN 46224.0 ",,180008402447.0,IMAGINE IND LIFE SCIENCE WEST," 4950 W 34th St , Indianapolis IN 46224.0 ",2.0,1.0,1,IN,,2016.0,IMAGINE IND LIFE SCIENCE WEST,2009.0
"EARLY CAREER ACADEMY  9511 Angola Ct , Indianapolis IN 46268.0 ",,180014402578.0,EARLY CAREER ACADEMY," 9511 Angola Ct , Indianapolis IN 46268.0 ",2.0,3.0,4,IN,,2016.0,,2015.0
"CARPE DIEM - SHADELAND  2240 N Meridian St , Indianapolis IN 46260.0 ",,180016202575.0,CARPE DIEM - SHADELAND," 2240 N Meridian St , Indianapolis IN 46260.0 ",1.0,3.0,4,IN,,,,2015.0
"LA SCHOOL FOR AG SCIENCE  5303 Highway 115 , Bunkie LA 71322.0 ",,220015001378.0,LA SCHOOL FOR AG SCIENCE," 5303 Highway 115 , Bunkie LA 71322.0 ",1.0,1.0,3,LA,,,,2000.0
"KIPP MCDONOGH 15 SCHOOL FOR THE CREATIVE ARTS  721 St. Phillip Street , New Orleans LA 70116.0 ",,220026200932.0,KIPP MCDONOGH 15 SCHOOL FOR THE CREATIVE ARTS," 721 St. Phillip Street , New Orleans LA 70116.0 ",1.0,5.0,1,LA,,,,2016.0
"YOUNG AUDIENCES CHARTER SCHOOL  1407 Virgil Street , Gretna LA 70113.0 ",,220084000638.0,YOUNG AUDIENCES CHARTER SCHOOL," 1407 Virgil Street , Gretna LA 70113.0 ",1.0,1.0,1,LA,,2012.0,YOUNG AUDIENCES CHARTER SCHOOL,1998.0
"KENNER DISCOVERY HEALTH SCIENCES ACADEMY  2504 Maine Avenue , Kenner LA 70062.0 ",,220084000653.0,KENNER DISCOVERY HEALTH SCIENCES ACADEMY," 2504 Maine Avenue , Kenner LA 70062.0 ",1.0,1.0,1,LA,,2012.0,KENNER DISCOVERY HEALTH SCIENCES ACADEMY,1998.0
"INTERNATIONAL SCHOOL OF LOUISIANA JEFFERSON PARISH  8101 Simon Street , Metairie LA 70003.0 ",,220084002346.0,INTERNATIONAL SCHOOL OF LOUISIANA JEFFERSON PARISH," 8101 Simon Street , Metairie LA 70003.0 ",1.0,1.0,1,LA,,,,2012.0
"MD ACADEMY OF TECHNOLOGY AND HEALTH SCIENCES  2801 N. Dukeland St. , Baltimore MD 21216.0 ",,240009001538.0,MD ACADEMY OF TECHNOLOGY AND HEALTH SCIENCES," 2801 N. Dukeland St. , Baltimore MD 21216.0 ",2.0,1.0,4,MD,,2016.0,,2006.0
"BALTIMORE MONTESSORI PUBLIC CHARTER MIDDLE SCHOOL  1600 Guilford Avenue , Baltimore MD 21202.0 ",,240009001705.0,BALTIMORE MONTESSORI PUBLIC CHARTER MIDDLE SCHOOL," 1600 Guilford Avenue , Baltimore MD 21202.0 ",2.0,1.0,2,MD,,2016.0,,2011.0
"DORCHESTER COLLEGIATE ACADEMY CHARTER  131 HANCOCK ST , Dorchester MA 2125.0 ",,250052102685.0,DORCHESTER COLLEGIATE ACADEMY CHARTER," 131 HANCOCK ST , Dorchester MA 2125.0 ",2.0,1.0,2,MA,,2016.0,,2009.0
"BROOKE CHARTER SCHOOL MATTAPAN  150 American Legion Highway , Boston MA 2124.0 ",,250052802711.0,BROOKE CHARTER SCHOOL MATTAPAN," 150 American Legion Highway , Boston MA 2124.0 ",2.0,1.0,1,MA,www.ebrooke.org,2016.0,BROOKE CHARTER SCHOOL MATTAPAN,2011.0
"NEW LIBERTY CHARTER SCHOOL OF SALEM  2 East India Square Suite 200 , Salem MA 1970.0 ",,250053202712.0,NEW LIBERTY CHARTER SCHOOL OF SALEM," 2 East India Square Suite 200 , Salem MA 1970.0 ",2.0,1.0,3,MA,,2016.0,,2011.0
"BROOKE CHARTER SCHOOL EAST BOSTON  94 Horace Street , East Boston MA 2128.0 ",,250053902720.0,BROOKE CHARTER SCHOOL EAST BOSTON," 94 Horace Street , East Boston MA 2128.0 ",2.0,1.0,1,MA,,2016.0,BROOKE CHARTER SCHOOL EAST BOSTON,2012.0
"NATAKI TALIBAH SCHOOLHOUSE OF DETROIT  19176 NORTHROP ST , DETROIT MI 48219.0 ",,260012600776.0,NATAKI TALIBAH SCHOOLHOUSE OF DETROIT," 19176 NORTHROP ST , DETROIT MI 48219.0 ",2.0,1.0,4,MI,www.nataki.org,2016.0,,1998.0
"WINANS ACADEMY MIDDLE SCHOOL  7616 EAST NEVADA ST , DETROIT MI 48234.0 ",,260016907866.0,WINANS ACADEMY MIDDLE SCHOOL," 7616 EAST NEVADA ST , DETROIT MI 48234.0 ",2.0,1.0,2,MI,winansacademy.org,2016.0,WINANS ACADEMY MIDDLE SCHOOL,2008.0
"ALLEN ACADEMY  8666 QUINCY ST , DETROIT MI 48204.0 ",,260024101664.0,ALLEN ACADEMY," 8666 QUINCY ST , DETROIT MI 48204.0 ",2.0,1.0,4,MI,www.allenacademydetroit.com,2016.0,,2003.0
"JOY PREPARATORY ACADEMY  1129 OAKMAN BLVD , DETROIT MI 48238.0 ",,260024401214.0,JOY PREPARATORY ACADEMY," 1129 OAKMAN BLVD , DETROIT MI 48238.0 ",2.0,1.0,1,MI,www.joyprep.com,2016.0,JOY PREPARATORY ACADEMY,1998.0
"BLANCHE KELSO BRUCE ACADEMY - CONNOR  5555 CONNER ST , DETROIT MI 48213.0 ",,260027201483.0,BLANCHE KELSO BRUCE ACADEMY - CONNOR," 5555 CONNER ST , DETROIT MI 48213.0 ",2.0,1.0,4,MI,,2016.0,,2002.0
"ACADEMY OF WATERFORD  3000 SASHABAW RD , WATERFORD MI 48329.0 ",,260029001645.0,ACADEMY OF WATERFORD," 3000 SASHABAW RD , WATERFORD MI 48329.0 ",2.0,1.0,1,MI,http://www.academyofwaterford.org/,2016.0,,2003.0
"DETROIT INNOVATION ACADEMY  18211 Plymouth Rd , Detroit MI 48228.0 ",,260100308307.0,DETROIT INNOVATION ACADEMY," 18211 Plymouth Rd , Detroit MI 48228.0 ",1.0,1.0,1,MI,http://ydetroitacademy.org/our-schools/detroit-innovation-academy,,,2012.0
"GRAND RAPIDS ELLINGTON ACADEMY OF ARTS & TECHNOLOGY-ELEM  670 Burton St SE , Grand Rapids MI 49507.0 ",,260102508317.0,GRAND RAPIDS ELLINGTON ACADEMY OF ARTS & TECHNOLOGY-ELEM," 670 Burton St SE , Grand Rapids MI 49507.0 ",1.0,1.0,1,MI,www.greaat.com,,,2012.0
"GRAND RAPIDS ELLINGTON ACADEMY-MIDDLE SCHOOL  670 Burton Street SE , Grand Rapids MI 49507.0 ",,260102508672.0,GRAND RAPIDS ELLINGTON ACADEMY-MIDDLE SCHOOL," 670 Burton Street SE , Grand Rapids MI 49507.0 ",1.0,1.0,2,MI,,,,2014.0
"MACKINAC PREPARATORY ACADEMY  525 4th Street , Baldwin MI 49304.0 ",,260105708548.0,MACKINAC PREPARATORY ACADEMY," 525 4th Street , Baldwin MI 49304.0 ",2.0,1.0,4,MI,http://www.mosaicaonline.com/2013/08/06/new-school-announced-mosaica-online-acad,2016.0,,2013.0
"EXPERIENCIA PREPARATORY ACADEMY  950 Selden St , Detroit MI 48201.0 ",,260106008498.0,EXPERIENCIA PREPARATORY ACADEMY," 950 Selden St , Detroit MI 48201.0 ",2.0,1.0,4,MI,www.experiencia.us,2016.0,,2013.0
"EARLY CAREER ACADEMY  1522 E Big Beaver Rd , Troy MI 48083.0 ",,260108508616.0,EARLY CAREER ACADEMY," 1522 E Big Beaver Rd , Troy MI 48083.0 ",2.0,1.0,3,MI,,2016.0,,2014.0
"MINNESOTA TRANSITIONS MIDDLE  2526 27TH AVE S , MINNEAPOLIS MN 55406.0 ",,270011703261.0,MINNESOTA TRANSITIONS MIDDLE," 2526 27TH AVE S , MINNEAPOLIS MN 55406.0 ",2.0,1.0,2,MN,http://www.mtcs.org/,2016.0,MINNESOTA TRANSITIONS MIDDLE,2001.0
"TWIN CITIES ACADEMY  835 E 5TH ST , SAINT PAUL MN 55106.0 ",,270016603034.0,TWIN CITIES ACADEMY," 835 E 5TH ST , SAINT PAUL MN 55106.0 ",2.0,1.0,2,MN,www.twincitiesacademy.org,2016.0,,1999.0
"STARLAND ELEMENTARY  59917 236TH ST , GIBBON MN 55335.0 ",,270017404126.0,STARLAND ELEMENTARY," 59917 236TH ST , GIBBON MN 55335.0 ",1.0,1.0,1,MN,http://www.lafayettecharter.k12.mn.us,,,2003.0
"PAIDEIA ACADEMY CHARTER SCHOOL  7200 W 147TH ST , APPLE VALLEY MN 55124.0 ",,270025103576.0,PAIDEIA ACADEMY CHARTER SCHOOL," 7200 W 147TH ST , APPLE VALLEY MN 55124.0 ",2.0,1.0,1,MN,http://www.paideiaacademy.org,2016.0,,2005.0
"MINNEAPOLIS COLLEGE PREPARATORY  2131 12TH AVE N , MINNEAPOLIS MN 55411.0 ",,270033204439.0,MINNEAPOLIS COLLEGE PREPARATORY," 2131 12TH AVE N , MINNEAPOLIS MN 55411.0 ",2.0,1.0,3,MN,http://www.minneapoliscollegeprep.org/,2016.0,,2012.0
"MINNEAPOLIS ACADEMY CHARTER SCHOOL  5011 31ST AVE S , MINNEAPOLIS MN 55417.0 ",,270035704101.0,MINNEAPOLIS ACADEMY CHARTER SCHOOL," 5011 31ST AVE S , MINNEAPOLIS MN 55417.0 ",2.0,1.0,2,MN,http://www.mplsacademy.org/,2016.0,,2004.0
"WEST CONCORD PUBLIC CHARTER SCHOOL  601 S ST , WEST CONCORD MN 55985.0 ",,270037504607.0,WEST CONCORD PUBLIC CHARTER SCHOOL," 601 S ST , WEST CONCORD MN 55985.0 ",2.0,1.0,1,MN,http://wcpcs.weebly.com,2016.0,,2013.0
"FREEDOM ACADEMY CHARTER SCHOOL  2201 GIRARD AVE N , MINNEAPOLIS MN 55411.0 ",,270038104644.0,FREEDOM ACADEMY CHARTER SCHOOL," 2201 GIRARD AVE N , MINNEAPOLIS MN 55411.0 ",1.0,8.0,1,MN,www.facsmpls.org,,,
"MILL CITY HIGH SCHOOL  810 S 7TH STREET , MINNEAPOLIS MN 55415.0 ",,270040004808.0,MILL CITY HIGH SCHOOL," 810 S 7TH STREET , MINNEAPOLIS MN 55415.0 ",2.0,3.0,4,MN,,2016.0,,2015.0
"BETTER LEARNING COMM ACADEMY  2153 SALISBURY ST , ST. LOUIS MO 63107.0 ",,290059903197.0,BETTER LEARNING COMM ACADEMY," 2153 SALISBURY ST , ST. LOUIS MO 63107.0 ",2.0,1.0,1,MO,www.BLCAcademy.org,2016.0,,2011.0
"JAMAA LEARNING CENTER  3108 N. Grand Blvd. , ST. LOUIS MO 63107.0 ",,290060203198.0,JAMAA LEARNING CENTER," 3108 N. Grand Blvd. , ST. LOUIS MO 63107.0 ",2.0,1.0,1,MO,jamaalearningcenter.org,2016.0,,2011.0
"CARSON CITY MONTESSORI CHARTER SCHOOL  2263 Mouton Drive , Carson City NV 89706.0 ",,320039000569.0,CARSON CITY MONTESSORI CHARTER SCHOOL," 2263 Mouton Drive , Carson City NV 89706.0 ",1.0,1.0,1,NV,,2007.0,,2004.0
"CAMDEN'S PROMISE CHARTER SCHOOL  879 BEIDEMAN AVENUE , CAMDEN NJ 8105.0 ",,340001700266.0,CAMDEN'S PROMISE CHARTER SCHOOL," 879 BEIDEMAN AVENUE , CAMDEN NJ 8105.0 ",2.0,1.0,2,NJ,,2016.0,,1999.0
"CAMDEN ACADEMY CHARTER HIGH SCHOOL  879 BEIDEMAN AVENUE , CAMDEN NJ 8105.0 ",,340007100477.0,CAMDEN ACADEMY CHARTER HIGH SCHOOL," 879 BEIDEMAN AVENUE , CAMDEN NJ 8105.0 ",2.0,1.0,3,NJ,,2016.0,,2001.0
"CAMDENS PRIDE CHARTER SCHOOL  879 Beideman Ave , CAMDEN NJ 8105.0 ",,340072103019.0,CAMDENS PRIDE CHARTER SCHOOL," 879 Beideman Ave , CAMDEN NJ 8105.0 ",2.0,1.0,1,NJ,,2016.0,,2008.0
"NEWARK LEGACY CHARTER SCHOOL  823 S. 16th Street , Newark NJ 7108.0 ",,340073603069.0,NEWARK LEGACY CHARTER SCHOOL," 823 S. 16th Street , Newark NJ 7108.0 ",2.0,1.0,1,NJ,,2016.0,,2010.0
"KNOWLEDGE A TO Z CHARTER SCHOOL  1725 Park Boulevard , Camden NJ 8103.0 ",,340076203207.0,KNOWLEDGE A TO Z CHARTER SCHOOL," 1725 Park Boulevard , Camden NJ 8103.0 ",2.0,1.0,1,NJ,,2016.0,,2012.0
"BATAAN CHARTER SCHOOL  5555 MCLEOD NE , ALBUQUERQUE NM 87109.0 ",,350006001022.0,BATAAN CHARTER SCHOOL," 5555 MCLEOD NE , ALBUQUERQUE NM 87109.0 ",2.0,1.0,3,NM,http://www.sva.estylos.com.mx/,2016.0,,2007.0
"CREATIVE ED PREP #1  4801 MONTANO NW , ALBUQUERQUE NM 87120.0 ",,350011400889.0,CREATIVE ED PREP #1," 4801 MONTANO NW , ALBUQUERQUE NM 87120.0 ",2.0,1.0,3,NM,,2016.0,,2010.0
"UPLIFT COMMUNITY SCHOOL  406 HWY 564 , GALLUP NM 87301.0 ",,350014701093.0,UPLIFT COMMUNITY SCHOOL," 406 HWY 564 , GALLUP NM 87301.0 ",1.0,1.0,1,NM,http://www.upliftschool.org/,,,2012.0
"LA JICARITA COMMUNITY SCHOOL  15025 STATE RD 75 , PENASCO NM 87553.0 ",,350015901086.0,LA JICARITA COMMUNITY SCHOOL," 15025 STATE RD 75 , PENASCO NM 87553.0 ",2.0,1.0,1,NM,http://www.lajicaritaschool.org/tag/la-jicarita-community-school/,2016.0,,2013.0
,,350090000961.0,,,,1.0,1,NM,,,,2006.0
"LINDRITH AREA HERITAGE  1086 HWY 595 , LINDRITH NM 87029.0 ",,350138000992.0,LINDRITH AREA HERITAGE," 1086 HWY 595 , LINDRITH NM 87029.0 ",1.0,1.0,1,NM,http://lindrithmustangs.com/,,,2005.0
"BEGINNING WITH CHILDREN CHARTER SCHOOL  185 ELLERY ST , BROOKLYN NY 11206.0 ",,360004104491.0,BEGINNING WITH CHILDREN CHARTER SCHOOL," 185 ELLERY ST , BROOKLYN NY 11206.0 ",2.0,1.0,1,NY,www.bwccschool.org,2016.0,BEGINNING WITH CHILDREN CHARTER SCHOOL,2000.0
"CHILD DEVELOPMENT CENTER OF THE HAMPTONS CHARTER SCHOOL  110 STEPHEN HANDS PATH , WAINSCOTT NY 11975.0 ",,360004404845.0,CHILD DEVELOPMENT CENTER OF THE HAMPTONS CHARTER SCHOOL," 110 STEPHEN HANDS PATH , WAINSCOTT NY 11975.0 ",2.0,1.0,1,NY,www.cdch.org,2016.0,,2000.0
"FAHARI ACADEMY CHARTER SCHOOL  72 VERONICA PL-4TH FL , BROOKLYN NY 11226.0 ",,360099906168.0,FAHARI ACADEMY CHARTER SCHOOL," 72 VERONICA PL-4TH FL , BROOKLYN NY 11226.0 ",2.0,1.0,2,NY,www.fahariacademy.org,2016.0,,2009.0
"STATEN ISLAND COMMUNITY CHARTER SCHOOL  309 ST PAULS AVE , STATEN ISLAND NY 10304.0 ",,360103706228.0,STATEN ISLAND COMMUNITY CHARTER SCHOOL," 309 ST PAULS AVE , STATEN ISLAND NY 10304.0 ",2.0,1.0,1,NY,www.si-ccs.org,2016.0,,2010.0
"LEFFERTS GARDENS CHARTER SCHOOL  601 PARKSIDE AVE-4TH FL , BROOKLYN NY 11226.0 ",,360103806242.0,LEFFERTS GARDENS CHARTER SCHOOL," 601 PARKSIDE AVE-4TH FL , BROOKLYN NY 11226.0 ",2.0,1.0,1,NY,www.leffertsgardens.org,2016.0,,2010.0
"KENNEDY CHARTER  100 Beatties Ford Rd , Charlotte NC 28216.0 ",,370006302398.0,KENNEDY CHARTER," 100 Beatties Ford Rd , Charlotte NC 28216.0 ",2.0,1.0,4,NC,www.kennedycharter.org,2016.0,,1998.0
"CROSSROADS CHARTER HIGH  5500 N Tryon Steet , Charlotte NC 28213.0 ",,370012202591.0,CROSSROADS CHARTER HIGH," 5500 N Tryon Steet , Charlotte NC 28213.0 ",2.0,1.0,3,NC,www.crossroadscharter.org,2016.0,,2001.0
"CORNERSTONE ACADEMY COMMUNITY SCHOOL  6015 E Walnut St , Westerville OH 43081.0 ",,390008103441.0,CORNERSTONE ACADEMY COMMUNITY SCHOOL," 6015 E Walnut St , Westerville OH 43081.0 ",1.0,1.0,1,OH,http://cornerstoneacad.org,2006.0,,2000.0
"SOUTHWEST LICKING DIGITAL ACAD  927-A South St , Pataskala OH 43062.0 ",,390023404790.0,SOUTHWEST LICKING DIGITAL ACAD," 927-A South St , Pataskala OH 43062.0 ",2.0,1.0,4,OH,,2016.0,,2004.0
"LAKEWOOD DIGITAL ACADEMY  9370 Lancer Rd , Hebron OH 43025.0 ",,390028204822.0,LAKEWOOD DIGITAL ACADEMY," 9370 Lancer Rd , Hebron OH 43025.0 ",2.0,1.0,4,OH,,2016.0,,2003.0
"CLEVELAND ACADEMY FOR SCHOLARSHIP TECHNOLOGY AND LEADERSHIP  3950 Prospect Ave E , Cleveland OH 44115.0 ",,390028604731.0,CLEVELAND ACADEMY FOR SCHOLARSHIP TECHNOLOGY AND LEADERSHIP," 3950 Prospect Ave E , Cleveland OH 44115.0 ",1.0,1.0,3,OH,,,,2004.0
"CONSTELLATION SCHOOLS: OUTREACH ACADEMY FOR STUDENTS WITH DI  3727 Bosworth Rd , Cleveland OH 44111.0 ",,390029704834.0,CONSTELLATION SCHOOLS: OUTREACH ACADEMY FOR STUDENTS WITH DI," 3727 Bosworth Rd , Cleveland OH 44111.0 ",1.0,1.0,4,OH,,,,2005.0
"VIRTUAL SCHOOLHOUSE INC.  736 Lakeview Rd , Cleveland OH 44108.0 ",,390031104848.0,VIRTUAL SCHOOLHOUSE INC.," 736 Lakeview Rd , Cleveland OH 44108.0 ",2.0,1.0,4,OH,,2016.0,,2004.0
"HBCU PREPARATORY SCHOOL 1  12601 Shaker Blvd , Cleveland OH 44120.0 ",,390039904959.0,HBCU PREPARATORY SCHOOL 1," 12601 Shaker Blvd , Cleveland OH 44120.0 ",1.0,1.0,1,OH,,,,2006.0
"HBCU PREPARATORY SCHOOL 2  12601 Shaker Blvd , Cleveland OH 44120.0 ",,390040004960.0,HBCU PREPARATORY SCHOOL 2," 12601 Shaker Blvd , Cleveland OH 44120.0 ",1.0,1.0,1,OH,,,,2007.0
"CINCINNATI SPEECH & READING INTERVENTION CENTER  1905 Elm St , Cincinnati OH 45202.0 ",,390043604995.0,CINCINNATI SPEECH & READING INTERVENTION CENTER," 1905 Elm St , Cincinnati OH 45202.0 ",2.0,1.0,1,OH,,2016.0,,2005.0
"MANSFIELD ENHANCEMENT ACADEMY  445 Bowman St , Mansfield OH 44903.0 ",,390052305233.0,MANSFIELD ENHANCEMENT ACADEMY," 445 Bowman St , Mansfield OH 44903.0 ",2.0,1.0,3,OH,,2016.0,,2004.0
"COLUMBUS BILINGUAL ACADEMY  35 Midland Ave , Columbus OH 43223.0 ",,390053305243.0,COLUMBUS BILINGUAL ACADEMY," 35 Midland Ave , Columbus OH 43223.0 ",2.0,1.0,1,OH,http://www.columbusbilingual.org,2016.0,,2004.0
"MAHONING VALLEY OPPORTUNITY CENTER  496 Glenwood Ave , Youngstown OH 44502.0 ",,390063905341.0,MAHONING VALLEY OPPORTUNITY CENTER," 496 Glenwood Ave , Youngstown OH 44502.0 ",1.0,1.0,3,OH,,,,2006.0
"C.M. GRANT LEADERSHIP ACADEMY  2440 Dawnlight Ave , Columbus OH 43211.0 ",,390131705435.0,C.M. GRANT LEADERSHIP ACADEMY," 2440 Dawnlight Ave , Columbus OH 43211.0 ",2.0,1.0,1,OH,www.grantleadership.com,2016.0,,2008.0
"PLEASANT EDUCATION ACADEMY  1107 Owens Rd W , Marion OH 43302.0 ",,390137205508.0,PLEASANT EDUCATION ACADEMY," 1107 Owens Rd W , Marion OH 43302.0 ",2.0,1.0,3,OH,,2016.0,,2010.0
"ROAD TO SUCCESS ACADEMY  3377 Cleveland Ave , Columbus OH 43224.0 ",,390141205608.0,ROAD TO SUCCESS ACADEMY," 3377 Cleveland Ave , Columbus OH 43224.0 ",1.0,1.0,3,OH,,,,2010.0
"CAPITAL HIGH SCHOOL  640 Harrisburg Pike , Columbus OH 43223.0 ",,390141605649.0,CAPITAL HIGH SCHOOL," 640 Harrisburg Pike , Columbus OH 43223.0 ",1.0,1.0,3,OH,,,,2010.0
"GREAT EXPECTATIONS ELEMENTARY SCHOOL  20 Arco Dr , Toledo OH 43607.0 ",,390143605677.0,GREAT EXPECTATIONS ELEMENTARY SCHOOL," 20 Arco Dr , Toledo OH 43607.0 ",2.0,1.0,1,OH,,2016.0,,2011.0
"OAK LEADERSHIP INSTITUTE  8610 Hough Ave , Cleveland OH 44106.0 ",,390143905689.0,OAK LEADERSHIP INSTITUTE," 8610 Hough Ave , Cleveland OH 44106.0 ",2.0,1.0,1,OH,,2016.0,,2011.0
"IMAGINE INTEGRITY ACADEMY  1565 Integrity Dr E , Columbus OH 43209.0 ",,390144505699.0,IMAGINE INTEGRITY ACADEMY," 1565 Integrity Dr E , Columbus OH 43209.0 ",2.0,1.0,1,OH,,2016.0,IMAGINE INTEGRITY ACADEMY,2011.0
"IMPACT ACADEMY CINCINNATI  3060 Durrell Ave , Cincinnati OH 45207.0 ",,390145205698.0,IMPACT ACADEMY CINCINNATI," 3060 Durrell Ave , Cincinnati OH 45207.0 ",2.0,1.0,1,OH,,2016.0,,2011.0
"PEARL ACADEMY  4850 Pearl Rd , Cleveland OH 44109.0 ",,390145605679.0,PEARL ACADEMY," 4850 Pearl Rd , Cleveland OH 44109.0 ",2.0,1.0,1,OH,,2016.0,,2011.0
"ACCELERATED ACHIEVEMENT ACADEMY OF CINCINNATI  415 W Court St , Cincinnati OH 45203.0 ",,390146005680.0,ACCELERATED ACHIEVEMENT ACADEMY OF CINCINNATI," 415 W Court St , Cincinnati OH 45203.0 ",2.0,1.0,3,OH,,2016.0,,2011.0
"GARFIELD ACADEMY  1379 Garfield Ave SW , Canton OH 44706.0 ",,390146205671.0,GARFIELD ACADEMY," 1379 Garfield Ave SW , Canton OH 44706.0 ",2.0,1.0,1,OH,,2016.0,,2011.0
"BEACON HILL ACADEMY  10470 Winesburg Rd , Dundee OH 44624.0 ",,390146305666.0,BEACON HILL ACADEMY," 10470 Winesburg Rd , Dundee OH 44624.0 ",1.0,1.0,3,OH,,,,2011.0
"NEXUS ACADEMY OF TOLEDO  600 Jefferson Ave , Toledo OH 43604.0 ",,390146705753.0,NEXUS ACADEMY OF TOLEDO," 600 Jefferson Ave , Toledo OH 43604.0 ",1.0,1.0,3,OH,,,,2012.0
"BROOKWOOD ACADEMY  2685 E Livingston Ave , Columbus OH 43209.0 ",,390147905747.0,BROOKWOOD ACADEMY," 2685 E Livingston Ave , Columbus OH 43209.0 ",1.0,1.0,4,OH,,,,2012.0
"NEXUS ACADEMY OF COLUMBUS  4689 Hilton Corporate Dr , Columbus OH 43232.0 ",,390148305716.0,NEXUS ACADEMY OF COLUMBUS," 4689 Hilton Corporate Dr , Columbus OH 43232.0 ",1.0,1.0,3,OH,,,,2012.0
"CINCINNATI STATE STEM ACADEMY  3520 Central Pkwy Ste 143 Mezz , Cincinnati OH 45223.0 ",,390148505760.0,CINCINNATI STATE STEM ACADEMY," 3520 Central Pkwy Ste 143 Mezz , Cincinnati OH 45223.0 ",2.0,1.0,3,OH,www.cssa-k12.org,2016.0,,2012.0
"LIFE SKILLS HIGH SCHOOL OF MIDDLETOWN  631 S Breiel Blvd , Middletown OH 45044.0 ",,390154605767.0,LIFE SKILLS HIGH SCHOOL OF MIDDLETOWN," 631 S Breiel Blvd , Middletown OH 45044.0 ",2.0,1.0,3,OH,,2016.0,LIFE SKILLS HIGH SCHOOL OF MIDDLETOWN,2013.0
"CITY PREP ACADEMY  2800 S Hamilton Rd , Columbus OH 43232.0 ",,390155805838.0,CITY PREP ACADEMY," 2800 S Hamilton Rd , Columbus OH 43232.0 ",2.0,1.0,4,OH,www.cityprepkings.org,2016.0,,2014.0
"UTICA SHALE ACADEMY-BELMONT  910 Shamrock Dr , Barnesville OH 43713.0 ",,390157305859.0,UTICA SHALE ACADEMY-BELMONT," 910 Shamrock Dr , Barnesville OH 43713.0 ",2.0,3.0,3,OH,,2016.0,,2015.0
"OHIO VALLEY ENERGY TECHNOLOGY ACADEMY  10692 State Route 150 , Rayland OH 43943.0 ",,390157805864.0,OHIO VALLEY ENERGY TECHNOLOGY ACADEMY," 10692 State Route 150 , Rayland OH 43943.0 ",1.0,3.0,3,OH,,,,2015.0
"SANTA FE SOUTH ES (CHARTER)  301 Southeast 38th Street , Oklahoma City OK 73129.0 ",,400075202688.0,SANTA FE SOUTH ES (CHARTER)," 301 Southeast 38th Street , Oklahoma City OK 73129.0 ",2.0,1.0,1,OK,,2016.0,,2009.0
"SANTA FE SOUTH HS  301 SE 38th Street , OK City OK 73129.0 ",,400077602330.0,SANTA FE SOUTH HS," 301 SE 38th Street , OK City OK 73129.0 ",2.0,1.0,3,OK,http://www.santafesouth.org,2016.0,,2014.0
"SANTA FE SOUTH MS  4712 S  Santa Fe Blvd , Oklahoma City OK 73109.0 ",,400077902386.0,SANTA FE SOUTH MS," 4712 S  Santa Fe Blvd , Oklahoma City OK 73109.0 ",2.0,1.0,2,OK,,2016.0,,2014.0
"OYA CHARTER MANITOU 6TH-8TH  300 S  Broadway , Manitou OK 73555.0 ",,400078902806.0,OYA CHARTER MANITOU 6TH-8TH," 300 S  Broadway , Manitou OK 73555.0 ",1.0,3.0,2,OK,http://www.ok.gov/oja/,,,2015.0
"OYA CHARTER MANITOU 9TH-12TH  300 S  Broadway , Manitou OK 73555.0 ",,400078902808.0,OYA CHARTER MANITOU 9TH-12TH," 300 S  Broadway , Manitou OK 73555.0 ",1.0,3.0,3,OK,http://www.ok.gov/oja/,,,2015.0
"OYA CHARTER TECUMSEH 9TH-12TH  700 S  9th St , Tecumseh OK 74873.0 ",,400078902813.0,OYA CHARTER TECUMSEH 9TH-12TH," 700 S  9th St , Tecumseh OK 74873.0 ",1.0,3.0,3,OK,http://www.ok.gov/oja/,,,2015.0
"ABLE CHARTER SCHOOL 6TH-8TH  4500 N Classen Blvd ste 2015 , Oklahoma City OK 73118.0 ",,400079002811.0,ABLE CHARTER SCHOOL 6TH-8TH," 4500 N Classen Blvd ste 2015 , Oklahoma City OK 73118.0 ",1.0,3.0,2,OK,www.ablecharterschool.com,,,2015.0
"ABLE CHARTER SCHOOL 9TH-12TH  4500 N Classen Blvd ste 2015 , Oklahoma City OK 73118.0 ",,400079002814.0,ABLE CHARTER SCHOOL 9TH-12TH," 4500 N Classen Blvd ste 2015 , Oklahoma City OK 73118.0 ",1.0,3.0,3,OK,www.ablecharterschool.com,,,2015.0
"MOSIER MIDDLE SCHOOL  PO Box 307 , Mosier OR 97040.0 ",,410004801806.0,MOSIER MIDDLE SCHOOL," PO Box 307 , Mosier OR 97040.0 ",2.0,1.0,2,OR,www.mosierschool.com,2016.0,,2011.0
"OREGON COAST TECHNOLOGY SCHOOL  1913 Meade St , North Bend OR 97459.0 ",,410882001580.0,OREGON COAST TECHNOLOGY SCHOOL," 1913 Meade St , North Bend OR 97459.0 ",2.0,1.0,3,OR,www.orco-tech.nbend.k12.or.us,2016.0,,2003.0
"ACE ACADEMY  4222 NE 158th Ave , Portland OR 97230.0 ",,411052001763.0,ACE ACADEMY," 4222 NE 158th Ave , Portland OR 97230.0 ",2.0,1.0,3,OR,www.acecharterschool.org/,2016.0,,2008.0
"OREGON VIRTUAL EDUCATION - EAST  65912 High School Lp , Moro OR 97039.0 ",,411125001816.0,OREGON VIRTUAL EDUCATION - EAST," 65912 High School Lp , Moro OR 97039.0 ",2.0,1.0,4,OR,www.orved.org,2016.0,,2012.0
"IMANI EDUCATIONL CIRCLE CS  5612 Greene St , Philadelphia PA 19144.0 ",,420005400494.0,IMANI EDUCATIONL CIRCLE CS," 5612 Greene St , Philadelphia PA 19144.0 ",1.0,1.0,1,PA,,,IMANI EDUCATIONL CIRCLE CS,1999.0
"GARDEN CITY PREPARATORY ACADEMY FOR BOYS  1195 St. Matthews Road , Orangeburg SC 29115.0 ",,450390101651.0,GARDEN CITY PREPARATORY ACADEMY FOR BOYS," 1195 St. Matthews Road , Orangeburg SC 29115.0 ",2.0,1.0,4,SC,,2016.0,,2014.0
"OMNI PREP ACADEMY - NORTH POINT LOWER SCHOOL  3333 Old Brownsville RD , Memphis TN 38134.0 ",,470014802228.0,OMNI PREP ACADEMY - NORTH POINT LOWER SCHOOL," 3333 Old Brownsville RD , Memphis TN 38134.0 ",2.0,1.0,1,TN,www.omnisc,2016.0,,2014.0
"SOUTHERN AVENUE MIDDLE  3311 Kimball AV , Memphis TN 38111.0 ",,470014802232.0,SOUTHERN AVENUE MIDDLE," 3311 Kimball AV , Memphis TN 38111.0 ",2.0,1.0,2,TN,http://www,2016.0,,2014.0
"OMNI PREP ACADEMY - NORTH POINTE MIDDLE SCHOOL  3333 Old Brownsville RD , Memphis TN 38134.0 ",,470014802243.0,OMNI PREP ACADEMY - NORTH POINTE MIDDLE SCHOOL," 3333 Old Brownsville RD , Memphis TN 38134.0 ",2.0,1.0,2,TN,www.omnisc,2016.0,,2014.0
"NEW CONSORTIUM OF LAW AND BUSINESS  6165 Stage RD , Bartlett TN 38134.0 ",,470014802267.0,NEW CONSORTIUM OF LAW AND BUSINESS," 6165 Stage RD , Bartlett TN 38134.0 ",2.0,1.0,4,TN,http://www,2016.0,,2014.0
"MOVING AHEAD SCHOOL OF SCHOLARS LEARNING ACADEMY  229 South Danny Thomas BL , Memphis TN 38126.0 ",,470014802447.0,MOVING AHEAD SCHOOL OF SCHOLARS LEARNING ACADEMY," 229 South Danny Thomas BL , Memphis TN 38126.0 ",2.0,3.0,1,TN,masslearni,2016.0,,2015.0
"NEW CONSORTIUM OF LAW AND BUSINESS  1200 Grove ST , Chattanooga TN 37402.0 ",,470159002380.0,NEW CONSORTIUM OF LAW AND BUSINESS," 1200 Grove ST , Chattanooga TN 37402.0 ",2.0,1.0,2,TN,www.newcon,2016.0,,2014.0
"THE EDUCATION AND TRAINING CENTER  3030 E COMMERCE ST , SAN ANTONIO TX 78220.0 ",,480001410415.0,THE EDUCATION AND TRAINING CENTER," 3030 E COMMERCE ST , SAN ANTONIO TX 78220.0 ",1.0,1.0,2,TX,,,THE EDUCATION AND TRAINING CENTER,2004.0
"RAPOPORT ACADEMY EL - NORTH CAMPUS  2200 MAC ARTHUR DR , WACO TX 76708.0 ",,480004212870.0,RAPOPORT ACADEMY EL - NORTH CAMPUS," 2200 MAC ARTHUR DR , WACO TX 76708.0 ",2.0,1.0,1,TX,,2016.0,RAPOPORT ACADEMY EL - NORTH CAMPUS,2012.0
"BURNETT-BAYLAND REHABILITATION CENTER  6500 A CHIMNEY ROCK , HOUSTON TX 77081.0 ",,480004908230.0,BURNETT-BAYLAND REHABILITATION CENTER," 6500 A CHIMNEY ROCK , HOUSTON TX 77081.0 ",1.0,1.0,4,TX,,,,1999.0
"DR JAMES L BURCH INT  5703 BLANCO RD , SAN ANTONIO TX 78216.0 ",,480006208698.0,DR JAMES L BURCH INT," 5703 BLANCO RD , SAN ANTONIO TX 78216.0 ",2.0,1.0,2,TX,,2016.0,,2000.0
"GEORGE M KOZMETSKY SCHOOL  8701 N MOPAC STE 350 , AUSTIN TX 78759.0 ",,480007109072.0,GEORGE M KOZMETSKY SCHOOL," 8701 N MOPAC STE 350 , AUSTIN TX 78759.0 ",1.0,1.0,4,TX,www.ut-ucs.org,,GEORGE M KOZMETSKY SCHOOL,2001.0
"PATHWAYS 3H CAMPUS  110 YOUTH RANCH CIR , MOUNTAIN HOME TX 78058.0 ",,480007109407.0,PATHWAYS 3H CAMPUS," 110 YOUTH RANCH CIR , MOUNTAIN HOME TX 78058.0 ",1.0,1.0,3,TX,www.ut-ucs.org,,PATHWAYS 3H CAMPUS,2002.0
"ROCK SPRINGS  700 SOUTHEAST INNER LOOP , GEORGETOWN TX 78626.0 ",,480007113078.0,ROCK SPRINGS," 700 SOUTHEAST INNER LOOP , GEORGETOWN TX 78626.0 ",2.0,3.0,3,TX,ut-ucs.org,2016.0,,2015.0
"KILLEEN CHARTER ACADEMY  3209 ATKINSON AVE , KILLEEN TX 76543.0 ",,480007612810.0,KILLEEN CHARTER ACADEMY," 3209 ATKINSON AVE , KILLEEN TX 76543.0 ",2.0,1.0,4,TX,www.prioritycharter.org,2016.0,KILLEEN CHARTER ACADEMY,2013.0
"SHEKINAH WALZEM  6663 WALZEM RD , SAN ANTONIO TX 78239.0 ",,480008208437.0,SHEKINAH WALZEM," 6663 WALZEM RD , SAN ANTONIO TX 78239.0 ",2.0,1.0,1,TX,,2016.0,,2001.0
"WEST COLUMBIA CHARTER SCH  719 W BRAZOS AVE , WEST COLUMBIA TX 77486.0 ",,480008211834.0,WEST COLUMBIA CHARTER SCH," 719 W BRAZOS AVE , WEST COLUMBIA TX 77486.0 ",2.0,1.0,4,TX,,2016.0,,2007.0
"SHEKINAH RADIANCE ACADEMY (DALLAS CENTER)  201 N ERBY CAMPBELL BLVD , ROYSE CITY TX 75189.0 ",,480008212163.0,SHEKINAH RADIANCE ACADEMY (DALLAS CENTER)," 201 N ERBY CAMPBELL BLVD , ROYSE CITY TX 75189.0 ",2.0,1.0,1,TX,,2016.0,,2008.0
"WASHINGTON TYRANNUS SCHOOL OF THE ARTS  8453 E FM 1518 N , SCHERTZ TX 78154.0 ",,480008212286.0,WASHINGTON TYRANNUS SCHOOL OF THE ARTS," 8453 E FM 1518 N , SCHERTZ TX 78154.0 ",2.0,1.0,4,TX,,2016.0,,2010.0
"SHEKINAH RADIANCE ACADEMY (GARLAND)  10715 GARLAND RD STE 100 , DALLAS TX 75218.0 ",,480008212388.0,SHEKINAH RADIANCE ACADEMY (GARLAND)," 10715 GARLAND RD STE 100 , DALLAS TX 75218.0 ",2.0,1.0,1,TX,,2016.0,,2009.0
"CHILDREN FIRST OF DALLAS  315 E WHEATLAND RD , DALLAS TX 75241.0 ",,480009108162.0,CHILDREN FIRST OF DALLAS," 315 E WHEATLAND RD , DALLAS TX 75241.0 ",2.0,1.0,1,TX,,2016.0,,1999.0
"THE CHILDREN FIRST ACADEMY - HOUSTON  7803 E LITTLE YORK RD , HOUSTON TX 77016.0 ",,480009108241.0,THE CHILDREN FIRST ACADEMY - HOUSTON," 7803 E LITTLE YORK RD , HOUSTON TX 77016.0 ",2.0,1.0,1,TX,,2016.0,,2012.0
"FOCUS LEARNING ACADEMY  2524 W LEDBETTER DR , DALLAS TX 75233.0 ",,480009608167.0,FOCUS LEARNING ACADEMY," 2524 W LEDBETTER DR , DALLAS TX 75233.0 ",1.0,1.0,4,TX,www.focusacademy.org,,,1999.0
"WAXAHACHIE FAITH FAMILY ACADEMY  701 OVILLA RD , WAXAHACHIE TX 75167.0 ",,480010508205.0,WAXAHACHIE FAITH FAMILY ACADEMY," 701 OVILLA RD , WAXAHACHIE TX 75167.0 ",2.0,1.0,3,TX,www.faithfamilyacademy.org,2016.0,WAXAHACHIE FAITH FAMILY ACADEMY,1999.0
"WAXAHACHIE FAMILY FAITH ACADEMY  701 OVILLA RD , WAXAHACHIE TX 75167.0 ",,480010512070.0,WAXAHACHIE FAMILY FAITH ACADEMY," 701 OVILLA RD , WAXAHACHIE TX 75167.0 ",1.0,1.0,2,TX,www.faithfamilyacademy.org,,WAXAHACHIE FAMILY FAITH ACADEMY,2008.0
"PASEO DEL NORTE ACADEMY-VISTA DEL SOL CHARTER HIGH  1599 GEORGE DIETER DR , EL PASO TX 79936.0 ",,480010611212.0,PASEO DEL NORTE ACADEMY-VISTA DEL SOL CHARTER HIGH," 1599 GEORGE DIETER DR , EL PASO TX 79936.0 ",1.0,1.0,3,TX,www.sapiacademies.org,,PASEO DEL NORTE ACADEMY-VISTA DEL SOL CHARTER HIGH,2006.0
"DAN CHADWICK CAMPUS  2402 ALPINE RD , LONGVIEW TX 75601.0 ",,480010908220.0,DAN CHADWICK CAMPUS," 2402 ALPINE RD , LONGVIEW TX 75601.0 ",1.0,1.0,3,TX,www.etchs.net,,,1999.0
"LA AMISTAD LOVE & LEARNING ACADEMY  10860 ROCKLEY RD , HOUSTON TX 77099.0 ",,480012108245.0,LA AMISTAD LOVE & LEARNING ACADEMY," 10860 ROCKLEY RD , HOUSTON TX 77099.0 ",2.0,1.0,1,TX,,2016.0,,1999.0
"MIDVALLEY ACADEMY-SAN BENITO CHARTER H S  1785 W BUSINESS HWY 77 , SAN BENITO TX 78586.0 ",,480013311872.0,MIDVALLEY ACADEMY-SAN BENITO CHARTER H S," 1785 W BUSINESS HWY 77 , SAN BENITO TX 78586.0 ",1.0,1.0,3,TX,www.sapiacademies.org,,MIDVALLEY ACADEMY-SAN BENITO CHARTER H S,2007.0
"VISTA ACADEMY OF ELGIN  2418 FM 1704 , ELGIN TX 78621.0 ",,480016312831.0,VISTA ACADEMY OF ELGIN," 2418 FM 1704 , ELGIN TX 78621.0 ",2.0,1.0,1,TX,www.responsiveed.com,2016.0,,2012.0
"RANCH ACADEMY - TYLER CAMPUS  14023 STATE HWY 155 S , TYLER TX 75703.0 ",,480017112128.0,RANCH ACADEMY - TYLER CAMPUS," 14023 STATE HWY 155 S , TYLER TX 75703.0 ",2.0,1.0,4,TX,www.raschools.com,2016.0,RANCH ACADEMY - TYLER CAMPUS,2008.0
"ZOE LEARNING ACADEMY  3229 HADLEY , HOUSTON TX 77004.0 ",,480019308594.0,ZOE LEARNING ACADEMY," 3229 HADLEY , HOUSTON TX 77004.0 ",1.0,1.0,1,TX,,,,2001.0
"ZOE LEARNING ACAD - AMBASSADOR CAMPUS  202 W CTR ST UNIT B H , DUNCANVILLE TX 75116.0 ",,480019310717.0,ZOE LEARNING ACAD - AMBASSADOR CAMPUS," 202 W CTR ST UNIT B H , DUNCANVILLE TX 75116.0 ",1.0,1.0,1,TX,,,,2004.0
"ZOE LEARNING ACADEMY / KOINONIA CAMPUS  3229 A HADLEY ST , HOUSTON TX 77004.0 ",,480019313116.0,ZOE LEARNING ACADEMY / KOINONIA CAMPUS," 3229 A HADLEY ST , HOUSTON TX 77004.0 ",2.0,1.0,1,TX,,2016.0,,2014.0
"ACADEMY OF CAREERS AND TECHNOLOGIES CHARTER SCHOOL  5300 HEATH RD , SAN ANTONIO TX 78250.0 ",,480019908700.0,ACADEMY OF CAREERS AND TECHNOLOGIES CHARTER SCHOOL," 5300 HEATH RD , SAN ANTONIO TX 78250.0 ",2.0,1.0,3,TX,,2016.0,,2000.0
"NOVA ACADEMY (SOUTHEAST)  8301 BRUTON RD , DALLAS TX 75217.0 ",,480020108755.0,NOVA ACADEMY (SOUTHEAST)," 8301 BRUTON RD , DALLAS TX 75217.0 ",1.0,1.0,1,TX,www.novaacademy.org,,NOVA ACADEMY (SOUTHEAST),2000.0
"PREMIER H S OF RICHARDSON  1111 DIGITAL DR , RICHARDSON TX 75081.0 ",,480020712402.0,PREMIER H S OF RICHARDSON," 1111 DIGITAL DR , RICHARDSON TX 75081.0 ",1.0,1.0,3,TX,,,PREMIER H S OF RICHARDSON,2012.0
"NCI CHARTER SCHOOL WITHOUT WALLS  6565 ROOKIN ST , HOUSTON TX 77074.0 ",,480024010718.0,NCI CHARTER SCHOOL WITHOUT WALLS," 6565 ROOKIN ST , HOUSTON TX 77074.0 ",1.0,1.0,1,TX,,,,2004.0
"AZLEWAY - WILLOW BEND  2902 HWY 31 E , TYLER TX 75702.0 ",,480025913198.0,AZLEWAY - WILLOW BEND," 2902 HWY 31 E , TYLER TX 75702.0 ",1.0,1.0,4,TX,,,AZLEWAY - WILLOW BEND,2014.0
"HARMONY SCHOOL OF ACHIEVEMENT - HOUSTON  16209 KEITH HARROW BLVD , HOUSTON TX 77084.0 ",,480027413269.0,HARMONY SCHOOL OF ACHIEVEMENT - HOUSTON," 16209 KEITH HARROW BLVD , HOUSTON TX 77084.0 ",1.0,3.0,1,TX,www.harmonytx.org,,HARMONY SCHOOL OF ACHIEVEMENT - HOUSTON,2015.0
"THE RHODES SCHOOL  12822 ROBERT E LEE RD , HOUSTON TX 77044.0 ",,480028311439.0,THE RHODES SCHOOL," 12822 ROBERT E LEE RD , HOUSTON TX 77044.0 ",2.0,1.0,1,TX,,2016.0,,2007.0
"THE RHODES SCHOOL - NORTHSHORE  12818 TIDWELL , HOUSTON TX 77044.0 ",,480028313010.0,THE RHODES SCHOOL - NORTHSHORE," 12818 TIDWELL , HOUSTON TX 77044.0 ",1.0,1.0,1,TX,,,,2014.0
"ARROW ACADEMY - ODYSSEY PREPARATORY  8787 N HOUSTON ROSSLYN RD , HOUSTON TX 77088.0 ",,480141612893.0,ARROW ACADEMY - ODYSSEY PREPARATORY," 8787 N HOUSTON ROSSLYN RD , HOUSTON TX 77088.0 ",2.0,1.0,1,TX,,2016.0,,2012.0
"VICTORY PREP  2903 JENSEN DR , HOUSTON TX 77026.0 ",,480141912505.0,VICTORY PREP," 2903 JENSEN DR , HOUSTON TX 77026.0 ",2.0,1.0,1,TX,www.vprep.org,2016.0,VICTORY PREP,2011.0
"VICTORY PREP  2903 JENSEN DR , HOUSTON TX 77026.0 ",,480141912509.0,VICTORY PREP," 2903 JENSEN DR , HOUSTON TX 77026.0 ",2.0,1.0,3,TX,www.vprep.org,2016.0,VICTORY PREP,2011.0
"VICTORY PREPARATORY ACADEMY  6011 W OREM DR , HOUSTON TX 77085.0 ",,480141912771.0,VICTORY PREPARATORY ACADEMY," 6011 W OREM DR , HOUSTON TX 77085.0 ",2.0,1.0,3,TX,www.vprep.org,2016.0,,2011.0
"PREMIER LEARNING ACADEMY  5130 CASEY , LA MARQUE TX 77568.0 ",,480142312522.0,PREMIER LEARNING ACADEMY," 5130 CASEY , LA MARQUE TX 77568.0 ",2.0,1.0,4,TX,,2016.0,,2011.0
"FALLBROOK COLLEGE PREPARATORY ACADEMY  12512 WALTERS RD , HOUSTON TX 77014.0 ",,480142612676.0,FALLBROOK COLLEGE PREPARATORY ACADEMY," 12512 WALTERS RD , HOUSTON TX 77014.0 ",2.0,1.0,4,TX,www.fallbrookcpa.org,2016.0,,2012.0
"EARLY COLLEGE H S  3939 VLY VIEW LN BLDG G , DALLAS TX 75244.0 ",,481305011190.0,EARLY COLLEGE H S," 3939 VLY VIEW LN BLDG G , DALLAS TX 75244.0 ",1.0,1.0,3,TX,www.cfbisd.edu,,,2006.0
"WALLACE ACCELERATED H S  149 S HWY 208 , COLORADO CITY TX 79512.0 ",,481464010962.0,WALLACE ACCELERATED H S," 149 S HWY 208 , COLORADO CITY TX 79512.0 ",1.0,1.0,3,TX,,,,2005.0
"COASTAL VILLAGE MIDDLE  1120 21ST ST , GALVESTON TX 77551.0 ",,482028012527.0,COASTAL VILLAGE MIDDLE," 1120 21ST ST , GALVESTON TX 77551.0 ",1.0,1.0,2,TX,www.gisd.org,,COASTAL VILLAGE MIDDLE,2012.0
"TSU CHARTER LAB SCH  3100 CLEBURNE , HOUSTON TX 77004.0 ",,482364011385.0,TSU CHARTER LAB SCH," 3100 CLEBURNE , HOUSTON TX 77004.0 ",1.0,1.0,1,TX,www.houstonisd.org,,TSU CHARTER LAB SCH,2006.0
"CONNELL MIDDLE  400 HOT WELLS BLVD , SAN ANTONIO TX 78223.0 ",,483873004336.0,CONNELL MIDDLE," 400 HOT WELLS BLVD , SAN ANTONIO TX 78223.0 ",2.0,1.0,2,TX,,2016.0,,1998.0
"AUSTIN ACADEMY  621 W EUCLID AVE , SAN ANTONIO TX 78212.0 ",,483873004399.0,AUSTIN ACADEMY," 621 W EUCLID AVE , SAN ANTONIO TX 78212.0 ",2.0,1.0,1,TX,,2016.0,,1998.0
"AMERICAN PREPARATORY ACADEMY - SALEM  1195 S ELK RIDGE DRIVE , SALEM UT 84653.0 ",,490004701148.0,AMERICAN PREPARATORY ACADEMY - SALEM," 1195 S ELK RIDGE DRIVE , SALEM UT 84653.0 ",2.0,1.0,4,UT,http://www.libertyacademycs.org,2016.0,AMERICAN PREPARATORY ACADEMY - SALEM,2006.0
"ESPERANZA SCHOOL  4956 W 3500 S , WEST VALLEY CITY UT 84120.0 ",,490016101440.0,ESPERANZA SCHOOL," 4956 W 3500 S , WEST VALLEY CITY UT 84120.0 ",1.0,1.0,1,UT,www.esperanzaelementary.org,2013.0,,
,,490016301441.0,,,,1.0,N,UT,www.wasatchinstitute.net,2013.0,,
"WINTER SPORTS SCHOOL  4251 Shadow Mountain Drive , PARK CITY UT 84098.0 ",,490016801444.0,WINTER SPORTS SCHOOL," 4251 Shadow Mountain Drive , PARK CITY UT 84098.0 ",1.0,1.0,3,UT,http://www.wintersportsschool.org,2013.0,,
"KING'S ACADEMY  7798 N 60th St , Milwaukee WI 53223.0 ",,550006202850.0,KING'S ACADEMY," 7798 N 60th St , Milwaukee WI 53223.0 ",2.0,1.0,1,WI,www.kacsmilw.org,2016.0,,2010.0
"URBAN DAY SCHOOL  1441 N 24th St , Milwaukee WI 53205.0 ",,550006302832.0,URBAN DAY SCHOOL," 1441 N 24th St , Milwaukee WI 53205.0 ",2.0,1.0,1,WI,www.urbanday.org,2016.0,,2010.0
"NORTH POINT LIGHTHOUSE CHARTER SCHOOL  4200 W Douglas Ave , Milwaukee WI 53209.0 ",,550006802922.0,NORTH POINT LIGHTHOUSE CHARTER SCHOOL," 4200 W Douglas Ave , Milwaukee WI 53209.0 ",2.0,1.0,1,WI,www.lighthouse-academies.org,2016.0,,2012.0
"APPLETON CENTRAL HIGH  120 E Harris St , Appleton WI 54911.0 ",,550039000692.0,APPLETON CENTRAL HIGH," 120 E Harris St , Appleton WI 54911.0 ",2.0,1.0,4,WI,www.aasd.k12.wi.us,2016.0,,1998.0
"SCHOOL OF OPTIONS & APPLIED RESEARCH MIDDLE  6485 Town Hall Rd , Land O' Lakes WI 54540.0 ",,550386002938.0,SCHOOL OF OPTIONS & APPLIED RESEARCH MIDDLE," 6485 Town Hall Rd , Land O' Lakes WI 54540.0 ",1.0,1.0,2,WI,www.npsd.k12.wi.us/soar/,,,2013.0
"CRE8 CHARTER SCHOOL  208 W Main St , Gillett WI 54124.0 ",,550525002892.0,CRE8 CHARTER SCHOOL," 208 W Main St , Gillett WI 54124.0 ",2.0,1.0,1,WI,www.gillett.k12.wi.us,2016.0,,2011.0
"GILLETT'S OCCUPATION AND LEADERSHIP ACADEMY  208 W Main St , Gillett WI 54124.0 ",,550525002906.0,GILLETT'S OCCUPATION AND LEADERSHIP ACADEMY," 208 W Main St , Gillett WI 54124.0 ",2.0,1.0,4,WI,www.gillett.k12.wi.us,2016.0,,2011.0
"HEALTH CARE ACADEMY OF LADYSMITH-HAWKINS SCHOOL DISTRICT  115 E 6th St S , Ladysmith WI 54848.0 ",,550759002753.0,HEALTH CARE ACADEMY OF LADYSMITH-HAWKINS SCHOOL DISTRICT," 115 E 6th St S , Ladysmith WI 54848.0 ",2.0,1.0,3,WI,www.ladysmith.k12.wi.us,2016.0,,2007.0
"MANITOWOC COUNTY COMPREHENSIVE CHARTER SCHOOL  1010 Huron St , Manitowoc WI 54220.0 ",,550861002714.0,MANITOWOC COUNTY COMPREHENSIVE CHARTER SCHOOL," 1010 Huron St , Manitowoc WI 54220.0 ",2.0,1.0,1,WI,www.manitowocpublicschools.com,2016.0,,2007.0
"UNIVERSAL ACADEMY FOR THE COLLEGE BOUND  6850 N 53rd St , Milwaukee WI 53223.0 ",,550960002967.0,UNIVERSAL ACADEMY FOR THE COLLEGE BOUND," 6850 N 53rd St , Milwaukee WI 53223.0 ",1.0,1.0,4,WI,www.milwaukee.k12.wi.us,,,2013.0
"WOODLAND PROGRESSIVE SCHOOL FOR 21ST CENTURY CITIZENS  7450 Titus Dr , Minocqua WI 54548.0 ",,550969002840.0,WOODLAND PROGRESSIVE SCHOOL FOR 21ST CENTURY CITIZENS," 7450 Titus Dr , Minocqua WI 54548.0 ",1.0,1.0,2,WI,www.woodlandschool.net,,,2010.0
"JUNEAU COUNTY CHARTER SCHOOL  N11003 17th Ave , Necedah WI 54646.0 ",,551056002517.0,JUNEAU COUNTY CHARTER SCHOOL," N11003 17th Ave , Necedah WI 54646.0 ",1.0,1.0,3,WI,,,,2000.0
"INES M. MENDOZA DE MUNOZ MARIN  CARR 156 KM 26 BO. PALOMAS SEC , COMERIO PR 782.0 ",,720003000007.0,INES M. MENDOZA DE MUNOZ MARIN," CARR 156 KM 26 BO. PALOMAS SEC , COMERIO PR 782.0 ",1.0,1.0,1,PR,,,,1998.0
"EL PARQUE  CALLE 3 URB RAMOS ANTONINI , SAN LORENZO PR 754.0 ",,720003000027.0,EL PARQUE," CALLE 3 URB RAMOS ANTONINI , SAN LORENZO PR 754.0 ",1.0,1.0,1,PR,,,,1998.0
"ESPERANZA GONZALEZ  CARR 159 KM 9 RAMAL 618 BO CUC , MOROVIS PR 687.0 ",,720003000035.0,ESPERANZA GONZALEZ," CARR 159 KM 9 RAMAL 618 BO CUC , MOROVIS PR 687.0 ",1.0,1.0,1,PR,,,,1998.0
"RUTHFORD B HAYES  CALLE COMERCIO CARR 14 , JUANA DIAZ PR 795.0 ",,720003000036.0,RUTHFORD B HAYES," CALLE COMERCIO CARR 14 , JUANA DIAZ PR 795.0 ",1.0,1.0,2,PR,,,,1998.0
"PERCHAS DIAZ  CARR 155 KM 36 HM 4 BO PERCHAS , MOROVIS PR 687.0 ",,720003000037.0,PERCHAS DIAZ," CARR 155 KM 36 HM 4 BO PERCHAS , MOROVIS PR 687.0 ",1.0,1.0,1,PR,,,,1998.0
"CARLOS ALVERIO PIMENTEL  CARR 155 KM 1 HM 2 RAMAL 618 , MOROVIS PR 687.0 ",,720003000044.0,CARLOS ALVERIO PIMENTEL," CARR 155 KM 1 HM 2 RAMAL 618 , MOROVIS PR 687.0 ",1.0,1.0,1,PR,,,,1998.0
"SU JOSE R. BARRERAS  CARR 159 KM 5 HM 6 , MOROVIS PR 687.0 ",,720003000045.0,SU JOSE R. BARRERAS," CARR 159 KM 5 HM 6 , MOROVIS PR 687.0 ",1.0,1.0,1,PR,,,,1998.0
"FELIX ROSARIO RIOS  CARR 639 KM 4 HM 1 BO SABANA H , ARECIBO PR 614.0 ",,720003000051.0,FELIX ROSARIO RIOS," CARR 639 KM 4 HM 1 BO SABANA H , ARECIBO PR 614.0 ",1.0,1.0,1,PR,,,,1998.0
"TIMOTEO ( TITO ) DELGADO  CARR 130 KM 8 HM 3 BO PAJUIL , HATILLO PR 659.0 ",,720003000093.0,TIMOTEO ( TITO ) DELGADO," CARR 130 KM 8 HM 3 BO PAJUIL , HATILLO PR 659.0 ",1.0,1.0,2,PR,,,,1998.0
"BERNARDA ROBLES DE HEVIA  CARR 167 KM 7 HM 7 BO PARCELAS , NARANJITO PR 719.0 ",,720003000104.0,BERNARDA ROBLES DE HEVIA," CARR 167 KM 7 HM 7 BO PARCELAS , NARANJITO PR 719.0 ",1.0,1.0,1,PR,,,,1998.0
"JUANA COLON  CARR 778 BDA. PASARELL. SECTOR , COMERIO PR 782.0 ",,720003000126.0,JUANA COLON," CARR 778 BDA. PASARELL. SECTOR , COMERIO PR 782.0 ",1.0,1.0,3,PR,,,,1998.0
"JUAN ZAMORA  CARR 780 KM 3 BO. DO?A ELENA , COMERIO PR 782.0 ",,720003000127.0,JUAN ZAMORA," CARR 780 KM 3 BO. DO?A ELENA , COMERIO PR 782.0 ",1.0,1.0,1,PR,,,,1998.0
"MARIA C. HUERTAS (LA PRIETA)  CARR 781 KM 1 HM 2 BO. CEDRITO , COMERIO PR 782.0 ",,720003000132.0,MARIA C. HUERTAS (LA PRIETA)," CARR 781 KM 1 HM 2 BO. CEDRITO , COMERIO PR 782.0 ",1.0,1.0,1,PR,,,,1998.0
"HERMINIO SIERRA  CARR 782 Km. 8 BO. NARANJO SEC , COMERIO PR 782.0 ",,720003000133.0,HERMINIO SIERRA," CARR 782 Km. 8 BO. NARANJO SEC , COMERIO PR 782.0 ",1.0,1.0,1,PR,,,,1998.0
"SU OSCAR PORRATA DORIA  CARR 156 RAMAL 776 BO RIO HOND , COMERIO PR 782.0 ",,720003000144.0,SU OSCAR PORRATA DORIA," CARR 156 RAMAL 776 BO RIO HOND , COMERIO PR 782.0 ",1.0,1.0,1,PR,,,,1998.0
"SU MARIA C. SANTIAGO  CARR 172 KM 1 HM 5 BO. NARANJO , COMERIO PR 782.0 ",,720003000145.0,SU MARIA C. SANTIAGO," CARR 172 KM 1 HM 5 BO. NARANJO , COMERIO PR 782.0 ",1.0,1.0,4,PR,,,,1998.0
"DR. PEDRO ALBIZU CAMPOS  CARR 156 RAMAL 794 BO.CAGUITAS , AGUAS BUENAS PR 703.0 ",,720003000159.0,DR. PEDRO ALBIZU CAMPOS," CARR 156 RAMAL 794 BO.CAGUITAS , AGUAS BUENAS PR 703.0 ",1.0,1.0,2,PR,,,,1998.0
"RIO CANAS ABAJO  CARR 351 INT 352 BO RIO CA?AS , MAYAGUEZ PR 682.0 ",,720003000166.0,RIO CANAS ABAJO," CARR 351 INT 352 BO RIO CA?AS , MAYAGUEZ PR 682.0 ",1.0,1.0,4,PR,,,,1998.0
"LUIS MUNOZ RIVERA  CALLE LUIS MU?OZ RIVERA SUR , CAYEY PR 736.0 ",,720003000171.0,LUIS MUNOZ RIVERA," CALLE LUIS MU?OZ RIVERA SUR , CAYEY PR 736.0 ",1.0,1.0,1,PR,,,,1998.0
"EMERITA LEON ELEMENTAL  URB VILLA VERDE 118 CALLE LUIS , CAYEY PR 736.0 ",,720003000174.0,EMERITA LEON ELEMENTAL," URB VILLA VERDE 118 CALLE LUIS , CAYEY PR 736.0 ",1.0,1.0,1,PR,,,,1998.0
"SU BAYAMONCITO  CARR 156 KM 42 HM 3 BO. BAYAMO , AGUAS BUENAS PR 703.0 ",,720003000224.0,SU BAYAMONCITO," CARR 156 KM 42 HM 3 BO. BAYAMO , AGUAS BUENAS PR 703.0 ",1.0,1.0,4,PR,,,,1998.0
"JOHN F. KENNEDY  CALLE KINGSTON URB VILLA DEL R , CAGUAS PR 727.0 ",,720003000231.0,JOHN F. KENNEDY," CALLE KINGSTON URB VILLA DEL R , CAGUAS PR 727.0 ",1.0,1.0,2,PR,,,,1998.0
"PAULA MOJICA  CALLE ROBLE URB. VILLA TURABO , CAGUAS PR 725.0 ",,720003000272.0,PAULA MOJICA," CALLE ROBLE URB. VILLA TURABO , CAGUAS PR 725.0 ",1.0,1.0,1,PR,,,,1998.0
"DIEGO VAZQUEZ  CALLE D FINAL BDA. MORALES , CAGUAS PR 725.0 ",,720003000274.0,DIEGO VAZQUEZ," CALLE D FINAL BDA. MORALES , CAGUAS PR 725.0 ",1.0,1.0,4,PR,,,,1998.0
"MYRNA M. FUENTES  CALLE 33 BONNEVILLE HEIGTS , CAGUAS PR 725.0 ",,720003000275.0,MYRNA M. FUENTES," CALLE 33 BONNEVILLE HEIGTS , CAGUAS PR 725.0 ",1.0,1.0,1,PR,,,,1998.0
"GERARDO SELLES SOLA  AVE JOSE MERCADO URB EL VERDE , CAGUAS PR 725.0 ",,720003000279.0,GERARDO SELLES SOLA," AVE JOSE MERCADO URB EL VERDE , CAGUAS PR 725.0 ",1.0,1.0,2,PR,,,,1998.0
"JOSE GAUTIER BENITEZ  CALLE GAUTIER BENITEZ ESQ. CRI , CAGUAS PR 725.0 ",,720003000280.0,JOSE GAUTIER BENITEZ," CALLE GAUTIER BENITEZ ESQ. CRI , CAGUAS PR 725.0 ",1.0,1.0,3,PR,,,,1998.0
"MARIA MONTANEZ GOMEZ  CALLE CECILIANA PARCELAS LAS C , CAGUAS PR 725.0 ",,720003000285.0,MARIA MONTANEZ GOMEZ," CALLE CECILIANA PARCELAS LAS C , CAGUAS PR 725.0 ",1.0,1.0,1,PR,,,,1998.0
"INTERMEDIA URBANA SALINAS  CARR 3 SALIDA HACIA GUAYAMA SA , SALINAS PR 751.0 ",,720003000310.0,INTERMEDIA URBANA SALINAS," CARR 3 SALIDA HACIA GUAYAMA SA , SALINAS PR 751.0 ",1.0,1.0,2,PR,,,,1998.0
"ANTONIO RIOS  (SU RIO BLANCO)  CARR 31 KM 9 HM 6 BO RIO BLANC , NAGUABO PR 718.0 ",,720003000407.0,ANTONIO RIOS  (SU RIO BLANCO)," CARR 31 KM 9 HM 6 BO RIO BLANC , NAGUABO PR 718.0 ",2.0,1.0,4,PR,,2016.0,,1998.0
"SU HIGINIO FIGUEROA VILLEGAS  SECTOR BORDALEZA BO EMAJAGUAS , MAUNABO PR 707.0 ",,720003000420.0,SU HIGINIO FIGUEROA VILLEGAS," SECTOR BORDALEZA BO EMAJAGUAS , MAUNABO PR 707.0 ",1.0,1.0,1,PR,,,,1998.0
"SU JOSE TORO RIOS  CARR 3 RUTA 925 KM 3.3 H 3 , HUMACAO PR 791.0 ",,720003000499.0,SU JOSE TORO RIOS," CARR 3 RUTA 925 KM 3.3 H 3 , HUMACAO PR 791.0 ",1.0,1.0,4,PR,,,,1998.0
"GABINO SOTO  CALLE IGUALDAD 174 , FAJARDO PR 738.0 ",,720003000503.0,GABINO SOTO," CALLE IGUALDAD 174 , FAJARDO PR 738.0 ",1.0,1.0,1,PR,,,,1998.0
"ELEMENTAL DOMINGO PIETRI RUIZ  16 CALLE RODULFO GONZALEZ , ADJUNTAS PR 601.0 ",,720003000507.0,ELEMENTAL DOMINGO PIETRI RUIZ," 16 CALLE RODULFO GONZALEZ , ADJUNTAS PR 601.0 ",1.0,1.0,1,PR,,,,2000.0
"GEORGINA ALVARADO  CARR 330 KM 2.8 INT BO DUEY BA , SAN GERMAN PR 683.0 ",,720003000550.0,GEORGINA ALVARADO," CARR 330 KM 2.8 INT BO DUEY BA , SAN GERMAN PR 683.0 ",1.0,1.0,1,PR,,,,1998.0
"MARIA DOLORES FARIA  AVE JC CLEMENTE , MAYAGUEZ PR 680.0 ",,720003000687.0,MARIA DOLORES FARIA," AVE JC CLEMENTE , MAYAGUEZ PR 680.0 ",1.0,1.0,2,PR,,,,1998.0
"JOSE JULIAN ACOSTA  199 AVE ESTACION SECT LOS MELE , ISABELA PR 662.0 ",,720003000700.0,JOSE JULIAN ACOSTA," 199 AVE ESTACION SECT LOS MELE , ISABELA PR 662.0 ",1.0,1.0,1,PR,,,,1998.0
"LUCIA CUBERO  CARR. 2 BO. CORRALES , AGUADILLA PR 603.0 ",,720003000735.0,LUCIA CUBERO," CARR. 2 BO. CORRALES , AGUADILLA PR 603.0 ",1.0,1.0,1,PR,,,,1998.0
"SU CONCHITA IGUARTUA DE SUAREZ (SU ADAMS)  CARR 2 KM 1022 BO. CAIMITAL AL , AGUADILLA PR 603.0 ",,720003000749.0,SU CONCHITA IGUARTUA DE SUAREZ (SU ADAMS)," CARR 2 KM 1022 BO. CAIMITAL AL , AGUADILLA PR 603.0 ",1.0,1.0,4,PR,,,,1998.0
"SU ALFREDO DORRINGTON  URB VALLE HERMOSO 34 CALLE FLA , HORMIGUEROS PR 660.0 ",,720003000818.0,SU ALFREDO DORRINGTON," URB VALLE HERMOSO 34 CALLE FLA , HORMIGUEROS PR 660.0 ",1.0,1.0,1,PR,,,,1998.0
"MIGUEL A. RIVERA  CARR. 346 KM.0HM.6 JAGUITAS , HORMIGUEROS PR 660.0 ",,720003000820.0,MIGUEL A. RIVERA," CARR. 346 KM.0HM.6 JAGUITAS , HORMIGUEROS PR 660.0 ",1.0,1.0,1,PR,,,,1998.0
"ANGEL GUERRERO LUGO (AIBONITO GUERRERO)  CARR 447 KM 2 HM 5 , SAN SEBASTIAN PR 685.0 ",,720003000829.0,ANGEL GUERRERO LUGO (AIBONITO GUERRERO)," CARR 447 KM 2 HM 5 , SAN SEBASTIAN PR 685.0 ",1.0,1.0,1,PR,,,,1998.0
"DON AGUSTIN ACEVEDO HERNANDEZ  CARR 111 KM 24 HATO ARRIBA , SAN SEBASTIAN PR 685.0 ",,720003000836.0,DON AGUSTIN ACEVEDO HERNANDEZ," CARR 111 KM 24 HATO ARRIBA , SAN SEBASTIAN PR 685.0 ",1.0,1.0,1,PR,,,,1998.0
"SU JUAN CARDONA RODRIGUEZ  CARR 119 KM 3 BO HOYOMALO , SAN SEBASTIAN PR 685.0 ",,720003000857.0,SU JUAN CARDONA RODRIGUEZ," CARR 119 KM 3 BO HOYOMALO , SAN SEBASTIAN PR 685.0 ",1.0,1.0,1,PR,,,,1998.0
"WALTER MCJONES  CALLE LUIS MU?OZ RIVERA , VILLALBA PR 766.0 ",,720003000860.0,WALTER MCJONES," CALLE LUIS MU?OZ RIVERA , VILLALBA PR 766.0 ",1.0,1.0,1,PR,,,,1998.0
"SU HATILLO  CARR 150 KM 3 HM 6 HATO PUERCO , VILLALBA PR 766.0 ",,720003000875.0,SU HATILLO," CARR 150 KM 3 HM 6 HATO PUERCO , VILLALBA PR 766.0 ",1.0,1.0,1,PR,,,,1998.0
"DORIS MARTINEZ (ALMACIGO ALTO 2)  CARR 371 BO ALMACIGO ALTO , YAUCO PR 698.0 ",,720003000887.0,DORIS MARTINEZ (ALMACIGO ALTO 2)," CARR 371 BO ALMACIGO ALTO , YAUCO PR 698.0 ",1.0,1.0,1,PR,,,,1998.0
"SANTIAGO NEGRONI  4 AVE BARBOSA , YAUCO PR 698.0 ",,720003000901.0,SANTIAGO NEGRONI," 4 AVE BARBOSA , YAUCO PR 698.0 ",1.0,1.0,1,PR,,,,1998.0
"PATRIA PEREZ  CARR 128 KM 2 BO DIEGO HERNAND , YAUCO PR 698.0 ",,720003000910.0,PATRIA PEREZ," CARR 128 KM 2 BO DIEGO HERNAND , YAUCO PR 698.0 ",1.0,1.0,1,PR,,,,1998.0
"JUAN SERAPIO MANGUAL  CARR 1 KM 13 HM 9 BO PASTILLO , JUANA DIAZ PR 795.0 ",,720003000964.0,JUAN SERAPIO MANGUAL," CARR 1 KM 13 HM 9 BO PASTILLO , JUANA DIAZ PR 795.0 ",1.0,1.0,1,PR,,,,1998.0
"LUIS MUNOZ MARIN  CARR 1 SECTOR SINGAPUR BO PAST , JUANA DIAZ PR 795.0 ",,720003000970.0,LUIS MUNOZ MARIN," CARR 1 SECTOR SINGAPUR BO PAST , JUANA DIAZ PR 795.0 ",1.0,1.0,3,PR,,,,1998.0
"RAFAEL IRIZARRY RIVERA  CALLE PEDRO ALVARADO , PENUELAS PR 624.0 ",,720003000974.0,RAFAEL IRIZARRY RIVERA," CALLE PEDRO ALVARADO , PENUELAS PR 624.0 ",1.0,1.0,2,PR,,,,1998.0
"SU JORGE LUCAS VALDIVIESO  CARR 2 KM 4 BO ENCARNACION , PENUELAS PR 624.0 ",,720003000989.0,SU JORGE LUCAS VALDIVIESO," CARR 2 KM 4 BO ENCARNACION , PENUELAS PR 624.0 ",1.0,1.0,4,PR,,,,1998.0
"FRANCISCO MARIANO QUINONES  CARR 701 CALLE A BO PLAYA CALL , SALINAS PR 751.0 ",,720003000999.0,FRANCISCO MARIANO QUINONES," CARR 701 CALLE A BO PLAYA CALL , SALINAS PR 751.0 ",1.0,1.0,1,PR,,,,1998.0
"JOSE PADIN  CARR 1 KM 83 HM 0 HACIA ALBERG , SALINAS PR 751.0 ",,720003001006.0,JOSE PADIN," CARR 1 KM 83 HM 0 HACIA ALBERG , SALINAS PR 751.0 ",1.0,1.0,1,PR,,,,1998.0
"MARTIN G. BRUMBAUGH  33 CALLE EUGENIO MARIA DE HOST , SANTA ISABEL PR 757.0 ",,720003001009.0,MARTIN G. BRUMBAUGH," 33 CALLE EUGENIO MARIA DE HOST , SANTA ISABEL PR 757.0 ",1.0,1.0,1,PR,,,,1998.0
"ANDRES GRILLASCA SALAS  AVE LAS AMERICAS URB CONSTANCI , PONCE PR 731.0 ",,720003001043.0,ANDRES GRILLASCA SALAS," AVE LAS AMERICAS URB CONSTANCI , PONCE PR 731.0 ",1.0,1.0,1,PR,,,,1998.0
"THOMAS ARMSTRONG TORO  CALLE VICTORIA ESQ FOGOS , PONCE PR 733.0 ",,720003001056.0,THOMAS ARMSTRONG TORO," CALLE VICTORIA ESQ FOGOS , PONCE PR 733.0 ",1.0,1.0,3,PR,,,,1998.0
"VICENTE PALES ANES  CALLE 4 ESQ. VICENTE PALES , GUAYAMA PR 784.0 ",,720003001069.0,VICENTE PALES ANES," CALLE 4 ESQ. VICENTE PALES , GUAYAMA PR 784.0 ",1.0,1.0,1,PR,,,,1998.0
"EUGENIO MARIA DE HOSTOS  2049 AVE EDUARDO RUBERTE PLAYA , PONCE PR 731.0 ",,720003001097.0,EUGENIO MARIA DE HOSTOS," 2049 AVE EDUARDO RUBERTE PLAYA , PONCE PR 731.0 ",1.0,1.0,1,PR,,,,1998.0
"LILA MARIA MERCEDES MAYORAL  BLQ CANAS BOX 7409 SECTOR EL T , PONCE PR 780.0 ",,720003001101.0,LILA MARIA MERCEDES MAYORAL," BLQ CANAS BOX 7409 SECTOR EL T , PONCE PR 780.0 ",1.0,1.0,3,PR,,,,1998.0
"RODULFO DEL VALLE  AVE TITO CASTRO CARR. 14 , PONCE PR 731.0 ",,720003001107.0,RODULFO DEL VALLE," AVE TITO CASTRO CARR. 14 , PONCE PR 731.0 ",1.0,1.0,1,PR,,,,1998.0
"DR. RAFAEL PUJALS  CALLE LOLITA TIZOL ESQ SOL , PONCE PR 731.0 ",,720003001111.0,DR. RAFAEL PUJALS," CALLE LOLITA TIZOL ESQ SOL , PONCE PR 731.0 ",1.0,1.0,2,PR,,,,1998.0
"ANGELICA TORO (NUEVA)  48 CALLE CEMENTERIO , JAYUYA PR 664.0 ",,720003001167.0,ANGELICA TORO (NUEVA)," 48 CALLE CEMENTERIO , JAYUYA PR 664.0 ",1.0,1.0,1,PR,,,,1998.0
"DELIA DAVILA DE CABAN  CALLE LAGO LAS CURIAS FINAL 5T , TOA BAJA PR 949.0 ",,720003001219.0,DELIA DAVILA DE CABAN," CALLE LAGO LAS CURIAS FINAL 5T , TOA BAJA PR 949.0 ",1.0,1.0,1,PR,,,,1998.0
"JOSE NEVAREZ LOPEZ  CALLE 33 NUEVA BO SAN JOSE , TOA BAJA PR 951.0 ",,720003001233.0,JOSE NEVAREZ LOPEZ," CALLE 33 NUEVA BO SAN JOSE , TOA BAJA PR 951.0 ",1.0,1.0,1,PR,,,,1998.0
"JOSE PABLO MORALES  CALLE BARCELO #50 , TOA ALTA PR 953.0 ",,720003001239.0,JOSE PABLO MORALES," CALLE BARCELO #50 , TOA ALTA PR 953.0 ",1.0,1.0,2,PR,,,,1998.0
"MANUEL ELZABURU VIZCARRONDO  CALLE MADISON RES LAS MARGARIT , SAN JUAN PR 916.0 ",,720003001268.0,MANUEL ELZABURU VIZCARRONDO," CALLE MADISON RES LAS MARGARIT , SAN JUAN PR 916.0 ",1.0,1.0,2,PR,,,,1998.0
"DR. FRANCISCO HERNANDEZ Y GAETAN  CALLE LABRA PDA 18 , SAN JUAN PR 901.0 ",,720003001273.0,DR. FRANCISCO HERNANDEZ Y GAETAN," CALLE LABRA PDA 18 , SAN JUAN PR 901.0 ",1.0,1.0,1,PR,,,,1998.0
"DR. ISAAC GONZALEZ MARTINEZ  CALLE 30 SE ESQ CALLE 23 CAPAR , SAN JUAN PR 920.0 ",,720003001291.0,DR. ISAAC GONZALEZ MARTINEZ," CALLE 30 SE ESQ CALLE 23 CAPAR , SAN JUAN PR 920.0 ",1.0,1.0,1,PR,,,,1998.0
"JULIO SELLES SOLA  URB VILLA NEVAREZ CALLE 19 ESQ , SAN JUAN PR 927.0 ",,720003001300.0,JULIO SELLES SOLA," URB VILLA NEVAREZ CALLE 19 ESQ , SAN JUAN PR 927.0 ",1.0,1.0,1,PR,,,,1998.0
"SOTERO FIGUEROA  AVE PALMA REAL Y FORDHAM , SAN JUAN PR 928.0 ",,720003001302.0,SOTERO FIGUEROA," AVE PALMA REAL Y FORDHAM , SAN JUAN PR 928.0 ",1.0,1.0,2,PR,,,,1998.0
"JACINTO LOPEZ MARTINEZ  CALLE NORTE #200 , TOA BAJA PR 646.0 ",,720003001409.0,JACINTO LOPEZ MARTINEZ," CALLE NORTE #200 , TOA BAJA PR 646.0 ",1.0,1.0,1,PR,,,,1998.0
"TERESA PRESTAMO  CARR 2 KM 24 HM 3  BO ESPINOSA , DORADO PR 646.0 ",,720003001414.0,TERESA PRESTAMO," CARR 2 KM 24 HM 3  BO ESPINOSA , DORADO PR 646.0 ",1.0,1.0,1,PR,,,,1998.0
"ISAAC DEL ROSARIO  AVE FLOR DEL VALLE URB LAS VEG , CATANO PR 962.0 ",,720003001426.0,ISAAC DEL ROSARIO," AVE FLOR DEL VALLE URB LAS VEG , CATANO PR 962.0 ",1.0,1.0,1,PR,,,,1998.0
"SU NICOLAS RODRIGUEZ  CARR 568 KM 30 HM 1 BO PADILLA , COROZAL PR 783.0 ",,720003001450.0,SU NICOLAS RODRIGUEZ," CARR 568 KM 30 HM 1 BO PADILLA , COROZAL PR 783.0 ",1.0,1.0,1,PR,,,,1998.0
"DR. RAMON MELLADO PARSONS  CALLE 5 FINAL URB. SABANA GARD , CAROLINA PR 983.0 ",,720003001461.0,DR. RAMON MELLADO PARSONS," CALLE 5 FINAL URB. SABANA GARD , CAROLINA PR 983.0 ",1.0,1.0,1,PR,,,,1998.0
"MARIA LOPEZ PONCE  URB JARDINES DE COUNTRY CLUB C , CAROLINA PR 983.0 ",,720003001462.0,MARIA LOPEZ PONCE," URB JARDINES DE COUNTRY CLUB C , CAROLINA PR 983.0 ",1.0,1.0,1,PR,,,,1998.0
"FRANCISCO MATIAS LUGO  CALLE ALMENDRO VALLE ARRIBA HI , CAROLINA PR 983.0 ",,720003001472.0,FRANCISCO MATIAS LUGO," CALLE ALMENDRO VALLE ARRIBA HI , CAROLINA PR 983.0 ",1.0,1.0,1,PR,,,,1998.0
"MARIA E. BAS DE VAZQUEZ  CARR 831 URB LOMAS VERDES , BAYAMON PR 956.0 ",,720003001499.0,MARIA E. BAS DE VAZQUEZ," CARR 831 URB LOMAS VERDES , BAYAMON PR 956.0 ",1.0,1.0,1,PR,,,,1998.0
"CARLOS ORAMA PADILLA  CALLE 10 URB MAGNOLIA GARDENS , BAYAMON PR 956.0 ",,720003001520.0,CARLOS ORAMA PADILLA," CALLE 10 URB MAGNOLIA GARDENS , BAYAMON PR 956.0 ",1.0,1.0,1,PR,,,,1998.0
"RAUL JULIA (FLAMBOYAN GARDENS)  CALLE 19 URB FLAMBOYAN GARDENS , BAYAMON PR 959.0 ",,720003001524.0,RAUL JULIA (FLAMBOYAN GARDENS)," CALLE 19 URB FLAMBOYAN GARDENS , BAYAMON PR 959.0 ",1.0,1.0,1,PR,,,,1998.0
"MIGUEL MELENDEZ MUNOZ  CARR 840 KM 1 HM 1 SECTOR LA A , BAYAMON PR 957.0 ",,720003001533.0,MIGUEL MELENDEZ MUNOZ," CARR 840 KM 1 HM 1 SECTOR LA A , BAYAMON PR 957.0 ",1.0,1.0,3,PR,,,,1998.0
"DR. SANTOS J. SEPULVEDA  URB SIERRA BAYAMON CALLE 33 , BAYAMON PR 961.0 ",,720003001560.0,DR. SANTOS J. SEPULVEDA," URB SIERRA BAYAMON CALLE 33 , BAYAMON PR 961.0 ",1.0,1.0,1,PR,,,,1998.0
"ELEMENTAL RABANAL  CARR 722 BO RABANAL , AIBONITO PR 705.0 ",,720003001577.0,ELEMENTAL RABANAL," CARR 722 BO RABANAL , AIBONITO PR 705.0 ",1.0,1.0,1,PR,,,,1998.0
"SU JOSE C. BARBOSA  CARR 14 KM 46 HM 5 BO ASOMANTE , AIBONITO PR 705.0 ",,720003001582.0,SU JOSE C. BARBOSA," CARR 14 KM 46 HM 5 BO ASOMANTE , AIBONITO PR 705.0 ",1.0,1.0,4,PR,,,,1998.0
"MICAELA ESCUDERO  CARR 2 KM 44 HM 4 BO CANTERA , MANATI PR 674.0 ",,720003001648.0,MICAELA ESCUDERO," CARR 2 KM 44 HM 4 BO CANTERA , MANATI PR 674.0 ",1.0,1.0,1,PR,,,,1998.0
"CLEMENTE RAMIREZ ARELLANO  CARR 670 KM 4 HM 9 BO PUEBLITO , MANATI PR 674.0 ",,720003001652.0,CLEMENTE RAMIREZ ARELLANO," CARR 670 KM 4 HM 9 BO PUEBLITO , MANATI PR 674.0 ",1.0,1.0,1,PR,,,,1998.0
"ANTONIO VELEZ ALVARADO  CARR 2 KM 46 HM 8 BO CAMPO ALE , MANATI PR 674.0 ",,720003001654.0,ANTONIO VELEZ ALVARADO," CARR 2 KM 46 HM 8 BO CAMPO ALE , MANATI PR 674.0 ",1.0,1.0,1,PR,,,,1998.0
"SU SALTO CABRA  CARR 566 KM 2 HM I BO SALTOS , OROCOVIS PR 720.0 ",,720003001675.0,SU SALTO CABRA," CARR 566 KM 2 HM I BO SALTOS , OROCOVIS PR 720.0 ",1.0,1.0,1,PR,,,,1998.0
"SU SANAMUERTOS  CARR 157 KM 23 BO BARROS , OROCOVIS PR 720.0 ",,720003001677.0,SU SANAMUERTOS," CARR 157 KM 23 BO BARROS , OROCOVIS PR 720.0 ",1.0,1.0,1,PR,,,,1998.0
"SU DR. CAYETANO COLL Y TOSTE  CARR 638 HM 5 BO MIRAFLORES , ARECIBO PR 612.0 ",,720003001719.0,SU DR. CAYETANO COLL Y TOSTE," CARR 638 HM 5 BO MIRAFLORES , ARECIBO PR 612.0 ",1.0,1.0,4,PR,,,,1998.0
"ANTONIO PAOLI  URB SANTA RITA CALLE 9 V. ALTA , VEGA ALTA PR 692.0 ",,720003001784.0,ANTONIO PAOLI," URB SANTA RITA CALLE 9 V. ALTA , VEGA ALTA PR 692.0 ",1.0,1.0,1,PR,,,,1998.0
"ELISA DAVILA VAZQUEZ (ESPINOSA ADENTRO)  CARR 679 KM 2 HM 3 SECT FORTUN , VEGA ALTA PR 692.0 ",,720003001790.0,ELISA DAVILA VAZQUEZ (ESPINOSA ADENTRO)," CARR 679 KM 2 HM 3 SECT FORTUN , VEGA ALTA PR 692.0 ",1.0,1.0,1,PR,,,,1998.0
"ANGEL SANDIN MARTINEZ  4 CALLE JULIO OTERO ESQ JOSE A , VEGA BAJA PR 693.0 ",,720003001799.0,ANGEL SANDIN MARTINEZ," 4 CALLE JULIO OTERO ESQ JOSE A , VEGA BAJA PR 693.0 ",1.0,1.0,2,PR,,,,1998.0
"EUGENIO MARIA DE HOSTOS  CARR 155 KM 59 HM 9 BO PUGNADO , VEGA BAJA PR 693.0 ",,720003001809.0,EUGENIO MARIA DE HOSTOS," CARR 155 KM 59 HM 9 BO PUGNADO , VEGA BAJA PR 693.0 ",1.0,1.0,1,PR,,,,1998.0
"RAMON E. RODRIGUEZ DIAZ  CALLE COMERCIO URB. VERDUN , HORMIGUEROS PR 660.0 ",,720003001861.0,RAMON E. RODRIGUEZ DIAZ," CALLE COMERCIO URB. VERDUN , HORMIGUEROS PR 660.0 ",1.0,1.0,2,PR,,,,1998.0
"RAMON DE JESUS SIERRA  AVE LOS PATRIOTAS , LARES PR 669.0 ",,720003001895.0,RAMON DE JESUS SIERRA," AVE LOS PATRIOTAS , LARES PR 669.0 ",1.0,1.0,2,PR,,,,1998.0
"EMILIO SCHARON RODRIGUEZ  CARR. 111 KM.1.9 BO.HOYAMALA , SAN SEBASTIAN PR 685.0 ",,720003001927.0,EMILIO SCHARON RODRIGUEZ," CARR. 111 KM.1.9 BO.HOYAMALA , SAN SEBASTIAN PR 685.0 ",2.0,1.0,3,PR,,2016.0,,1998.0
"RVDO FELIX CASTRO RODRIGUEZ  CALLE 612 AVE CAMPO RICO FINAL , CAROLINA PR 985.0 ",,720003001992.0,RVDO FELIX CASTRO RODRIGUEZ," CALLE 612 AVE CAMPO RICO FINAL , CAROLINA PR 985.0 ",1.0,1.0,2,PR,,,,1998.0
"MERCEDES ROSADO  CARR 152 CALLE GEORGETTY , NARANJITO PR 719.0 ",,720003001995.0,MERCEDES ROSADO," CARR 152 CALLE GEORGETTY , NARANJITO PR 719.0 ",1.0,1.0,2,PR,,,,1998.0
"CELSO GONZALEZ VAILLANT  CARR 188 KM 7 HM 2 , LOIZA PR 772.0 ",,720003002002.0,CELSO GONZALEZ VAILLANT," CARR 188 KM 7 HM 2 , LOIZA PR 772.0 ",1.0,1.0,1,PR,,,,1998.0
